<?xml version="1.0" encoding="utf-8"?>
<Context ColorSet="Beige_Black" Font="TwCenMT22" FontStyle="Shadow">



  <Instance Name="LoadButton" >
    <Container Size="460,32" ID="InstanceRoot" >

      <GridButton Anchor="C,B"  ID="Button" Offset="0,0" Size="460,32" Style="ZoomButton"  >
        <ShowOnMouseOver>
          <AlphaAnim Anchor="L,T" Size="460,32" Pause="0" Cycle="Bounce" Speed="1" AlphaStart="2" AlphaEnd="1">
            <Grid   Size="460,32" Offset="0,-2" Padding="0,0" Style="Grid9FrameTurnsHL" />
          </AlphaAnim>

        </ShowOnMouseOver>

        <!-- Selected State -->
        <Grid Anchor="C,C" Offset="0,0" Size="460,32"  Style="Grid9FrameTurns" ID="SelectHighlight" Hidden="1" />

      </GridButton>
    </Container>
  </Instance>

    <Box Size="Full,Full" Color="Black,0" ConsumeMouse="1" HideBox="1" />

    <Grid Size="960,658" Anchor="C,C" Offset="0,36" Padding="0,0" Style="Grid9DetailFive140" ConsumeMouse="1">


        <!-- Side treatments -->
      <Box Style="MenuLeftSideTreatment"/>
      <Box Style="MenuRightSideTreatment"/>

      <Box Style="MenuTopTreatment"/>
      <Box Style="MenuBottomTreatment"/>

			<!-- Screen Title  -->

      <Label Style="MenuTitleCaption" String="{TXT_KEY_MODDING_CUSTOMGAME:upper}" />




      <Box Anchor="C,B" AnchorSide="I.I" Offset="0,54"   Size="910,56" Color="255,255,255,0" >

            <!-- Back Button  -->
            <GridButton Anchor="L,B"  Style="SmallButton" Size="150,32"  Offset="14,0" StateOffsetIncrement="0,0" ID="BackButton"  >
                <Label Anchor="C,C"  Offset="0,0"  String="TXT_KEY_BACK_BUTTON" Font="TwCenMT18" ColorSet="Beige_Black_Alpha" FontStyle="Shadow"  />
            </GridButton>

        </Box>

        <!-- Start Game  -->
        <GridButton Anchor="R,B" ID="StartButton"     Offset="38,54"     Size="260,45"    Style="BaseButton" String="TXT_KEY_LOAD_MOD" >

        </GridButton>


        <!-- File List -->
        <Box Anchor="L,T" Offset="48,102" Size="490,404" Color="255,255,255,0" >

            <Label ID="NoGames" Anchor="C,C" Offset="0,0" Font="TwCenMT24" ColorSet="Beige_Black_Alpha" FontStyle="Shadow" String="TXT_KEY_NO_CUSTOM_GAMES"  />

          <ScrollPanel Offset="0,0" Anchor="L,T" Size="490,400" ID="ScrollPanel" Vertical="1" AutoScrollBar="1" >

            <Stack Anchor="C,T" Offset="0,0"  StackGrowth="Bottom" ID="LoadFileButtonStack">
            </Stack>

            <ScrollBar Offset="-3.0" Style="VertSlider" Anchor="R,C" AnchorSide="O,I" Length="400" />

          </ScrollPanel>

          <Grid Anchor="L,T" Offset="0,-2" Size="490,404" Padding="0,0" Style="Grid9Frame" Hidden="0" />

            </Box>


        <!-- file details treatment -->
        <Box Anchor="R,T" Offset="48,100" Size="354,404" Color="255,255,255,0" >
          <Image Anchor="C,C" Offset="0,0" Color="White.65" Size="360,410" Texture="MapRandom512.dds" ID="DetailsBackgroundImage"/>
          <Grid Anchor="C,C" Offset="0,0" Size="354,404" Padding="0,0" Style="Grid9Frame" Hidden="0" />

          <!-- Left hand side details stack -->
          <Stack Anchor="L,T" Offset="12,15"  Padding="10" StackGrowth="Bottom" >

            <!-- Title -->
            <Label Anchor="L,C" Offset="0,0" Font="TwCenMT22" ColorSet="Beige_Black_Alpha" FontStyle="Shadow" String="Saved Game Name Alpha 001" ID="Title" />


            <Image Anchor="L,C"  Offset="0,0" Texture="bar340x2.dds" Size="340.1"  Hidden="0"/>

            <!-- Scrolling Map Description -->
            <ScrollPanel Anchor="L,T" ID="ListingScrollPanel" Vertical="1" Offset="0,0" Size="310,118" AutoScrollBar="1" >

              <!-- Listing Stack (Dynamic) -->
              <Stack Anchor="L,T" ID="SlotStack" StackGrowth="Bottom" Padding="0" Size="310,50">
                <Label WrapWidth="310" LeadingOffset="-6" Anchor="L,T" Offset="0,0" Font="TwCenMT20" ColorSet="Beige_Black_Alpha" FontStyle="Shadow" ID="MapDesc"/>
              </Stack>

              <!-- Scroll Controls -->
              <ScrollBar Style="VertSlider" Offset="0,0" Length="100"  Anchor="R,C" AnchorSide="O,I" />

            </ScrollPanel>

            <Image Anchor="L,T"  Offset="0,0" Texture="bar340x2.dds" Size="340.1"  Hidden="0"/>

          </Stack>

        </Box>


    </Grid>

</Context>
