<?xml version="1.0" encoding="utf-8"?>
<Context Font="TwCenMT20" FontStyle="Stoke" ColorSet="Beige_Black_Alpha" >
	<!-- Overall Screen Container -->
	<Grid ID="MainGrid" Anchor="C,C" Style="Grid9DetailFive140" AutoSize="1" Padding="10,40">

		<Box Style="MenuLeftSideTreatment"/>
		<Box Style="MenuRightSideTreatment"/>
		<Box Style="MenuTopTreatment"/>
		<Box Style="MenuBottomTreatment"/>

		<!-- <Image Anchor="C,B" Offset="0,110" Texture="HorizontalTrim.dds" Size="926.5" /> -->

		<Image ID="JoinImage" Anchor="C,C" >
			<Label Anchor="C,C" ID="" Offset="0,246" ColorSet="Beige_Black"/>
		</Image>

		<Label ID="JoiningLabel" Style="MenuTitleCaption"/>
		<GridButton ID="CancelButton" Style="SmallButton" Size="150,32" Anchor="C,B" Offset="0,50" String="TXT_KEY_CANCEL_BUTTON"/>
	</Grid>

</Context>
