<?xml version="1.0" encoding="utf-8"?>
<!-- edited with XMLSPY v2004 rel. 2 U (http://www.xmlspy.com) by Scott Lewis (Firaxis Games) -->
<Context Name="Load Screen" ColorSet="Beige_Black_Alpha" Font="TwCenMT16" FontStyle="Shadow" >
	<!-- NEED TO HIDE-->

	<AlphaAnim ID="AlphaAnim" Stopped="1" AlphaStart="1" Pause="1" AlphaEnd="0.36" Speed=".5" Cycle="Once" >
		<!-- NEED TO HIDE-->
		<Box ID="BG0" Size="Full,Full" Color="Black.255">
			<Image ID="Image" Anchor="L,C" Sampler="Linear" >
				<Box Anchor="R,T" AnchorSide="i.o" Size="Full,Full" Color="Black.100" />
				<Box Anchor="R,B" AnchorSide="i.o" Size="Full,Full" Color="Black.100" />
			</Image>
		</Box>
	</AlphaAnim>

	<Box ID="Details" Anchor="R.T" Color="Black.36" Size="500,Full" >
		<Stack ID="MainStack" Anchor="C,C" Size="128,128" StackGrowth="Bottom" Padding="12" >
			<Image Anchor="C,T" AnchorSide="i.o" Size="80,80" Texture="NotificationFrameBase.dds">
				<Image ID="CivIconBG" Size="80,80"/>
				<Image ID="CivIconShadow" Size="64,64" Offset="9,9"/>
				<Image ID="CivIcon" Size="64,64" Offset="8,8"/>
			</Image>
			<Label ID="Leader" Anchor="C,C" Font="TwCenMT24"/>
			<Label ID="Civilization" Anchor="C,C" Font="TwCenMT20"/>
			<Image Anchor="C,C" Texture="bar340x2.dds" Size="340.1"/>
			<Label ID="Quote" Anchor="C,C" WrapWidth="460" LeadingOffset="-4"/>
			<Container Size="6,6"/>
			<Image Anchor="C,C" Texture="bar340x2.dds" Size="340.1"/>
			<Label ID="BonusTitle" Anchor="C,C" Font="TwCenMT24"/>
			<Label ID="BonusDescription" Anchor="C,C" WrapWidth="460" LeadingOffset="-4"/>
			<Image Anchor="C,C" Texture="bar340x2.dds" Size="340.1"/>

			<Stack ID="SubStack" Anchor="C,C" StackGrowth="Right" WrapGrowth="Down" WrapWidth="460" />

			<Image ID="ProgressBarTrim" Anchor="C,B" Size="300,64" Texture="LoadingMeterTrim.dds" >
				<AlphaAnim Anchor="C,C" Pause="0" Cycle="Bounce" Speed=".5" AlphaStart="1" AlphaEnd=".3">
					<TextureBar ID="ProgressBar" Anchor="C,C" Size="277.36" Texture="LoadingMeterHL.dds" Direction="Right"/>
				</AlphaAnim>
				<Label Anchor="C,C" Offset="0,-1" String="TXT_KEY_GAME_LOADING" Color0="255.255.200.255" Color1="5.10.10.255" Color2="5.10.10.255" Font="TwCenMT20" FontStyle="SoftShadow"/>
				<GridButton ID="ActivateButton" Style="SmallButton2" Anchor="C,C" Size="300,32" String="TXT_KEY_BEGIN_GAME_BUTTON" Font="TwCenMT18" Hidden="1" />
			</Image>
		</Stack>
	</Box>

	<Instance Name="IconInstance" >
		<Container Anchor="L,T" Size="225,64" >
			<Image Anchor="L,C" Texture="IconFrame64.dds" Size="64.64">
				<Button ID="Portrait" Anchor="C,C" Size="64,64" NoStateChange="1" />
				<Label ID="Text" Anchor="R,C" AnchorSide="O.I" WrapWidth="150"/>
			</Image>
		</Container>
	</Instance>
</Context>
