<?xml version="1.0" encoding="utf-8"?>
<Context ColorSet="Beige_Black" Font="TwCenMT18" FontStyle="Shadow" >

	<Instance Name="GameOptionInstance">
		<CheckBox ButtonTexture="assets/UI/Art/Controls/CheckBox2TheBox.dds" Anchor="L,C" TextAnchorSide="Right" Font="TwCenMT20" Offset="10,0" TextOffset="40,0" IsChecked="0" ID="GameOptionRoot" />
	</Instance>

	<Instance Name="DropDownOptionInstance">
		<Container Anchor="L,T" Size="450,32" Offset="20,0" ID="DropDownOptionRoot">
			<Label Anchor="L,C" ColorSet="Beige_Black" Font="TwCenMT20" FontStyle="Shadow" ID="OptionName"/>
			<PullDown Style="GenericPullDown" ScrollThreshold="400" Offset="150,0" Size="300,27" SpaceForScroll="0" ID="OptionDropDown"/>
		</Container>
	</Instance>

	<Grid Size="960,Full" Anchor="C,B" Offset="0,-39" Padding="0,0" Style="Grid9DetailFive140" ID="MainGrid" ConsumeMouse="1" >

		<Box Style="MenuLeftSideTreatment"/>
		<Box Style="MenuRightSideTreatment"/>
		<Box Style="MenuTopTreatment"/>

		<!-- Game Options -->
		<ScrollPanel Anchor="L,T" ID="OptionsScrollPanel" Vertical="1" Offset="40, 106" Size="884,344" AutoScrollBar="1">

			<!-- Scroll Controls -->
			<ScrollBar	Style="VertSlider" 	Anchor="R,T" Offset="0,18" AnchorSide="O,I" Length="344" />
			<UpButton	Style="ScrollBarUp"  Anchor="R,T" Offset="0,0" AnchorSide="O,I" />
			<DownButton Style="ScrollBarDown"  Anchor="R,B" Offset="0,0" AnchorSide="O,I" />

			<Stack ID="GameOptionsFullStack" Anchor="L,T" Offset="0,0" Padding="0" StackGrowth="Bottom" >

				<!-- City State Options -->
				<Box Anchor="L,T" Size="480,36" Offset="0,0" Color="255.255.255.0" >
					<Stack ID="CityStateStack" Anchor="L,T" Size="463,32" StackGrowth="Right">
						<Box Anchor="L,C" Size="160,32" Offset="10,5" Color="255.255.255.0" >
							<Label Anchor="L,T" Offset="10,0" Font="TwCenMT20" String="" ID="MinorCivsLabel" />
						</Box>
						<Slider Anchor="L,C" Offset="0,0" Length="300" Style="Slider" ID="MinorCivsSlider" WheelSteps="10" />
					</Stack>
				</Box>

				<!-- List of Combo Box Options -->
				<Stack Anchor="L,T" Offset="0,3" Padding="0" StackGrowth="Bottom" ID="DropDownOptionsStack" >

					<Container Anchor="L,T" Size="450,32" Offset="20,0">
						<Label Anchor="L,C" ColorSet="Beige_Black" Font="TwCenMT20" FontStyle="Shadow" String="TXT_KEY_AD_SETUP_MAP_TYPE" />
						<PullDown Style="GenericPullDown" ScrollThreshold="400" Offset="150,0" Size="300,27" SpaceForScroll="0" ID="MapTypePullDown"/>
					</Container>

					<Container Anchor="L,T" Size="450,32" Offset="20,0">
						<Label Anchor="L,C" ColorSet="Beige_Black" Font="TwCenMT20" FontStyle="Shadow" String="TXT_KEY_AD_SETUP_MAP_SIZE" />
						<PullDown Style="GenericPullDown" ScrollThreshold="400" Offset="150,0" Size="300,27" SpaceForScroll="0" ID="MapSizePullDown"/>
					</Container>

					<Container Anchor="L,T" Size="450,32" Offset="20,0">
						<Label Anchor="L,C" ColorSet="Beige_Black" Font="TwCenMT20" FontStyle="Shadow" String="TXT_KEY_AD_SETUP_GAME_SPEED" />
						<PullDown Style="GenericPullDown" ScrollThreshold="400" Offset="150,0" Size="300,27" SpaceForScroll="0" ID="GameSpeedPullDown"/>
					</Container>

					<Container Anchor="L,T" Size="450,32" Offset="20,0">
						<Label Anchor="L,C" ColorSet="Beige_Black" Font="TwCenMT20" FontStyle="Shadow" String="TXT_KEY_AD_SETUP_GAME_ERA" />
						<PullDown Style="GenericPullDown" ScrollThreshold="400" Offset="150,0" Size="300,27" SpaceForScroll="0" ID="EraPull"/>
					</Container>

					<Container Anchor="L,T" Size="450,32" Offset="20,0" ID="TurnModeRoot">
						<Label Anchor="L,C" ColorSet="Beige_Black" Font="TwCenMT20" FontStyle="Shadow" String="TXT_KEY_AD_SETUP_GAME_TURN_MODE" />
						<PullDown Style="GenericPullDown" ScrollThreshold="400" Offset="150,0" Size="300,27" SpaceForScroll="0" ID="TurnModePull"/>
					</Container>

				</Stack>

				<!-- Victory Conditions -->
				<Box Anchor="C,T" Size="500,30" Offset="0,0" Color="White.0" >
					<Image	Anchor="C,T" Offset="0,0" Texture="bar500x2.dds" Size="500.1" />
					<Label	Anchor="C,B" Offset="0,5" String="TXT_KEY_VICTORYS_FORMAT" Font="TwCenMT20" />
					<Image	Anchor="C,B" Offset="0,0" Texture="bar500x2.dds" Size="500.1" />
				</Box>
				<Stack Anchor="L,T" Offset="20,0" Padding="-7" StackGrowth="Bottom" ID="VictoryConditionsStack" />

				<Box Anchor="C,T" Size="500,30" Offset="0,0" Color="White.0" >
					<Image	Anchor="C,T" Offset="0,0" Texture="bar500x2.dds" Size="500.1" />
					<Label	Anchor="C,B" Offset="0,5" String="TXT_KEY_ADVANCED_OPTIONS" Font="TwCenMT20" />
					<Image	Anchor="C,B" Offset="0,0" Texture="bar500x2.dds" Size="500.1" />
				</Box>

				<!-- Max Turn Check & Edit Box -->
				<Box Anchor="L,T" Size="480,24" Offset="20,0" Color="255,255,255,0" >
					<Stack ID="MaxTurnStack" Anchor="L,T" Size="463,32" Offset="10,0" StackGrowth="Right">
						<Container Anchor="L,C" Size="161,32" >
							<CheckBox ButtonTexture="assets/UI/Art/Controls/CheckBox2TheBox.dds" Font="TwCenMT20" Anchor="L,C" TextAnchorSide="Right" TextOffset="40,0" String="TXT_KEY_AD_SETUP_MAX_TURNS" ToolTip="TXT_KEY_AD_SETUP_MAX_TURNS_TT" IsChecked="0" ID="MaxTurnsCheck" />
						</Container>
						<Box Hidden="1" Anchor="L,C" Size="34,24" Color="Beige" ID="MaxTurnsEditbox">
							<Box Anchor="C,C" Offset="0,0" Size="32,22" Color="0,0,0,255" >
								<EditBox Size="30,18" Anchor="L,C" ID="MaxTurnsEdit" Font="TwCenMT14" NumberInput="1" MaxLength="3" CallOnChar="1" />
							</Box>
						</Box>
					</Stack>
				</Box>

				<!-- Turn Timer Check & Edit Box -->
				<Box Anchor="L,T" Size="480,25" Offset="30,0" Color="255,255,255,0" >
					<Stack ID="TurnTimerStack" Anchor="L,T" Size="463,32" Offset="0,0" StackGrowth="Right">
						<Container Anchor="L,C" Size="200,32" >
							<CheckBox ButtonTexture="assets/UI/Art/Controls/CheckBox2TheBox.dds" Font="TwCenMT20" Anchor="L,C" TextAnchorSide="Right" TextOffset="40,0" String="TXT_KEY_GAME_OPTION_END_TURN_TIMER_ENABLED" ToolTip="TXT_KEY_GAME_OPTION_END_TURN_TIMER_ENABLED_HELP" IsChecked="0" ID="TurnTimerCheck" />
						</Container>
						<Box Hidden="1" Anchor="L,C" Size="34,24" Color="Beige" ID="TurnTimerEditbox">
							<Box Anchor="C,C" Offset="0,0" Size="32,22" Color="0,0,0,255" >
								<EditBox Size="30,18" Anchor="L,C" ID="TurnTimerEdit" Font="TwCenMT14" NumberInput="1" MaxLength="3" CallOnChar="1" />
							</Box>
							<Label	Anchor="R,C" AnchorSide="O,I" Offset="5,0" ID="TurnTimerUnits" String="" Font="TwCenMT20" />					
						</Box>
					</Stack>
				</Box>

				<!-- List of Check Boxes -->
				<Stack Anchor="L,T" Offset="20,0" Padding="-7" StackGrowth="Bottom" ID="GameOptionsStack" />

				<!-- DLC -->
				<Box Anchor="C,T" Size="500,30" Offset="0,0" Color="White.0" >
					<Image	Anchor="C,T" Offset="0,0" Texture="bar500x2.dds" Size="500.1" />
					<Label	Anchor="C,B" Offset="0,5" String="TXT_KEY_DLC_ALLOWED" Font="TwCenMT20" />
					<Image	Anchor="C,B" Offset="0,0" Texture="bar500x2.dds" Size="500.1" />
				</Box>

				<Stack Anchor="L,T" Offset="20,0" Padding="-7" StackGrowth="Bottom" ID="DLCAllowedStack" />

	<!-- Mods -->
				<Stack Anchor="L,T" Offset="0,12"  Size="128,128" StackGrowth="Bottom" Padding="3" Hidden="1">

						<Box Anchor="L,B" Offset="116,0" Color="White.24" Size="430,30" ID="LoadScenarioBox" >
								<CheckBox ButtonTexture="assets/UI/Art/Controls/CheckBox2TheBox.dds" Anchor="L,C" TextAnchorSide="Right" TextOffset="40,0" String="TXT_KEY_LOAD_SCENARIO" ID="ScenarioCheck" />
						</Box>

						<GridButton	Style="ZoomButton" Anchor="L,T" Offset="0,0" Size="340,27" ID="ModsButton">
								<Stack Anchor="C,C" Size="565,128" Offset="0,0"  StackGrowth="Bottom" Padding="6" >
										<Label Anchor="C,C" Offset="0,0" Font="TwCenMT22" ColorSet="Beige_Black_Alpha" FontStyle="Shadow" ID="ModsName" String="TXT_KEY_ACTIVE_MODS" />
										<Label Anchor="L,T" Offset="0,0" WrapWidth="410" LeadingOffset="-6" Font="TwCenMT18" Color="Beige.128" FontStyle="Base" ID="ModsHelp" />
								</Stack>
						</GridButton>

				</Stack>

			</Stack>
		</ScrollPanel>

		<Image Anchor="C,B" Offset="0,110" Texture="HorizontalTrim.dds" Size="924.5"/>

		<!-- Bottom Box -->
		<Box Anchor="C,B" AnchorSide="I.I" Offset="0,54"  Size="910,70" Color="255,255,255,0" >

			<!-- Back Button -->
			<GridButton Anchor="L,B" Style="SmallButton" Size="150,32" Offset="14,0" StateOffsetIncrement="0,0" ID="BackButton" >
				<Label Anchor="C,C" Offset="0,0" String="TXT_KEY_BACK_BUTTON" Font="TwCenMT18" ColorSet="Beige_Black_Alpha" FontStyle="Shadow" />
			</GridButton>

			<GridButton Anchor="L,B" Style="SmallButton" Size="150,32" Offset="14,0" StateOffsetIncrement="0,0" ID="ExitButton" >
				<Label Anchor="C,C" Offset="0,0" String="TXT_KEY_EXIT_BUTTON" Font="TwCenMT18" ColorSet="Beige_Black_Alpha" FontStyle="Shadow" />
			</GridButton>

			<Stack Anchor="C,B" Offset="0,0"  Size="128,128" StackGrowth="Right" Padding="8" >
				<!-- Load Button -->
				<GridButton Anchor="L,B" Style="SmallButton" Size="150,32" Offset="0,0" StateOffsetIncrement="0,0" ID="LoadGameButton" ToolTip="TXT_KEY_LOAD_GAME_TT" >
					<Label Anchor="C,C" Offset="0,0" String="TXT_KEY_LOAD_GAME" Font="TwCenMT18" ColorSet="Beige_Black_Alpha" FontStyle="Shadow" />
				</GridButton>

				<!-- Default Button -->
				<GridButton Anchor="L,B" Style="SmallButton" Size="150,32" Offset="0,0" StateOffsetIncrement="0,0" ID="DefaultButton" ToolTip="TXT_KEY_AD_SETUP_ADD_DEFAULT_TT" >
					<Label Anchor="C,C" Offset="0,0" String="TXT_KEY_AD_SETUP_DEFAULT" Font="TwCenMT18" ColorSet="Beige_Black_Alpha" FontStyle="Shadow" />
				</GridButton>
			</Stack>
		</Box>

		<!-- Start Game	-->
		<GridButton Anchor="R,B" ID="LaunchButton" Font="TwCenMT22" Offset="38,54" Size="260,45" Style="BaseButton" String="TXT_KEY_HOST_GAME"/>

		<!-- Panel Header Text -->
		<Label Style="MenuTitleCaption" ID="TitleLabel" String="TXT_KEY_MULTIPLAYER_GAME_SETUP_HEADER" />

		<!-- Top Box -->
		<Box Anchor="L,T" AnchorSide="I.I" Offset="46,62"  Size="910,70" Color="255,255,255,0" ID="GameNameBox">
			<CheckBox ButtonTexture="assets/UI/Art/Controls/CheckBox2TheBox.dds" Anchor="L,T" Offset="560,-4" TextAnchorSide="Right" Font="TwCenMT22" TextOffset="32,-2" ID="PrivateGameCheckbox" String="TXT_KEY_MULTIPLAYER_HOST_PRIVATE_GAME" />
			<Container ID="NameGame" Size="600,20" Hidden="0" >
				<Label Anchor="L,C" ID="GameNameLabel" Offset="0,0" String="TXT_KEY_GAME_NAME" Font="TwCenMT22" ColorSet="Beige_Black_Alpha" FontStyle="Shadow" >
					<Box Anchor="R,C" ID="GameNameEdit" AnchorSide="O.I" Offset="12,0" Size="230,24" Color="Beige" Hidden="0">
						<Box Anchor="C,C" Offset="0,0" Size="228,22" Color="0,0,0,255" >
							<EditBox CallOnChar="1" Size="224,22" Anchor="C,C" Font="TwCenMT22" ID="NameBox" MaxLength="16" />
						</Box>
					</Box>
				</Label>
			</Container>
		</Box>

		<Image Anchor="C,T" Offset="0,100" Texture="HorizontalTrim.dds" Size="924.5" ID="GameNameDivider"/>
	</Grid>

</Context>