<!-- edited with XMLSPY v2004 rel. 2 U (http://www.xmlspy.com) by Anton Strenger (Firaxis Games) -->
<Context Font="TwCenMT20" FontStyle="Base" ColorSet="Beige_Black_Alpha">
	<!-- Recycle Bin -->
	<Container ID="Scrap" Hidden="1" />

	<!-- Side Trim -->
	<Image Anchor="L,C" Texture="1920_LeftSide.DDS" StretchMode="UniformToFill" Sampler="Linear" Size="100.Full"/>
	<Image Anchor="R,C" Texture="1920_RightSide.DDS" StretchMode="UniformToFill" Sampler="Linear" Size="100.Full"/>
	<Image ID="CityTrimLeft" Anchor="L,B" Texture="citytrimleft.dds" Size="141.78" />
	<Image ID="CityTrimRight" Anchor="R,B" Texture="citytrimright.dds" Size="141.78" />

	<!-- Center City Stack -->
	<ScrollPanel ID="CityScrollPanel" Anchor="C,B" Offset="0,20" Vertical="0" AutoScrollBar="1" Size="236,120" ConsumeMouseOver="1" ConsumeMouseButton="1">
		<ScrollBar ID="CityScrollBar" Style="ScrollBar" Anchor="C,B" Length="200" AnchorSide="i,o"/>
		<UpButton Style="ScrollBarLeft" Anchor="L,B" AnchorSide="i,o"/>
		<DownButton Style="ScrollBarRight" Anchor="R,B" AnchorSide="i,o"/>
		<Stack ID="CityStack" Anchor="C,T" StackGrowth="Right" Padding="20" />
	</ScrollPanel>

	<!-- Center City Worker Buttons -->
	<Container ID="CityButtons">
		<Container ID="PlotButtonContainer" Size="Full,Full" />
	</Container>

	<!-- Right Side Panel -->
	<Grid ID="BuildingListBackground" ConsumeMouse="1" Size="289,768" Anchor="R,T" Offset="14,-9" Style="Grid9DetailSix140" >
		<Label Anchor="C,T" Offset="0,17" String="TXT_KEY_CITYVIEW_BUILDING_LIST"/>
		<ScrollPanel ID="RightScrollPanel" Offset="18,44" Size="272,500" Vertical="1" >
			<Stack ID="RightStack" >
				<!-- City Focus -->
				<Button ID="WorkerHeader" Anchor="L,B" Size="254,27" Offset="2,0" Texture="CivilopediaButtons272x27.dds" >
					<Label Offset="40,6" Font="TwCenMT18" String="TXT_KEY_CITYVIEW_CITIZEN_ALLOCATION"/>
				</Button>
				<Stack ID="WorkerManagementBox" Hidden="1">
					<Label Anchor="C,C" String="TXT_KEY_CITYVIEW_FOCUS_BUTTON_TT" Font="TwCenMT18" />
					<PullDown ID="CityFocusPullDown" Font="TwCenMT18" Style="GenericPullDown" ScrollThreshold="200" SpaceForScroll="0" Size="254,32" ToolTip="TXT_KEY_EUI_DEFAULT_CITY_FOCUS_TT"/>
					<Box Anchor="L,B" Color="27.53.64.255" Size="254,2"/>
					<Box Color="27.53.64.255" Size="254,2"/>
					<CheckBox ID="AvoidGrowthButton" Style="SquareCheck" String="TXT_KEY_CITYVIEW_FOCUS_AVOID_GROWTH_TEXT" Font="TwCenMT16" TextAnchor="R,C" TextAnchorSide="O,O" IsChecked="0" ToolTip="TXT_KEY_CITYVIEW_FOCUS_AVOID_GROWTH_TT"/>
					<Box Color="27.53.64.255" Size="254,2"/>
					<Button ID="ResetButton" Void1="0" Size="254,32" ToolTip="TXT_KEY_CITYVIEW_UNEMPLOYED_TOOLTIP">
						<ShowOnMouseOver>
							<AlphaAnim Anchor="L,C" Size="254,28" Pause="0" Cycle="Bounce" Speed="1" AlphaStart=".7" AlphaEnd=".3">
								<Grid Size="254,28" Style="GridSquareHL8"/>
							</AlphaAnim>
						</ShowOnMouseOver>
						<Label Anchor="C,C" String="TXT_KEY_CITYVIEW_FOCUS_RESET_TEXT" Font="TwCenMT18" TextAnchor="R,C" TextAnchorSide="O,O"/>
					</Button>
					<Box ID="ResetFooter" Color="27.53.64.255" Size="254,2" />
				</Stack>
				<!-- Great People -->
				<Button ID="GPHeader" Anchor="L,B" Size="254,27" Offset="2,0" Texture="CivilopediaButtons272x27.dds">
					<Label Offset="40,6" Font="TwCenMT18" String="TXT_KEY_CITYVIEW_GREAT_PEOPLE_TEXT"/>
				</Button>
				<Stack ID="GPStack" />
				<!-- Unemployment-->
				<Button ID="SlackerHeader" Anchor="L,B" Size="254,27" Offset="2,0" Texture="CivilopediaButtons272x27.dds">
					<Label Offset="40,6" Font="TwCenMT18" String="TXT_KEY_CITYVIEW_UNEMPLOYED_TEXT"/>
				</Button>
				<Button ID="BoxOSlackers" Void1="-1" Void2="-1" NoStateChange="1" Anchor="L,C" Color="White.0" Size="254,2" ToolTip="TXT_KEY_CITYVIEW_UNEMPLOYED_TOOLTIP">
					<Stack ID="SlackerStack" Anchor="R,T" StackGrowth="Left" WrapGrowth="Down" WrapWidth="260" />
					<Box Anchor="L,B" Color="27.53.64.255" Size="254,2"/>
				</Button>
				<!-- Special Buildings -->
				<Button ID="SpecialBuildingsHeader" Anchor="L,C" Size="254,27" Offset="2,0" Texture="CivilopediaButtons272x27.dds">
					<Label Offset="40,6" Font="TwCenMT18" String="TXT_KEY_CITYVIEW_SPECIAL_TEXT" />
				</Button>
				<Stack ID="SpecialBuildingsStack" >
					<Box ID="SpecialistControlBox" Anchor="L,C" Color="White.0" Size="254,32">
						<Label Anchor="R,T" Offset="64,8"/>
						<CheckBox ID="NoAutoSpecialistCheckbox" Style="SquareCheck" Anchor="L,B" ToolTip="TXT_KEY_CITYVIEW_SPECIALISTCONTROL_TT">
							<Label Anchor="R,C" AnchorSide="O.I" String="TXT_KEY_CITYVIEW_MANUAL_SPEC_CONTROL" Font="TwCenMT16"/>
						</CheckBox>
						<Box Anchor="L,B" Color="27.53.64.255" Size="254,2"/>
					</Box>
				</Stack>
				<!-- Great Work Buildings -->
				<Button ID="GreatWorkHeader" Anchor="L,C" Size="254,27" Offset="2,0" Texture="CivilopediaButtons272x27.dds">
					<Label Offset="40,6" Font="TwCenMT18" String="TXT_KEY_CITYVIEW_GREAT_WORK_BUILDINGS_TEXT" />
				</Button>
				<Stack ID="GreatWorkStack" />
				<!-- Wonders -->
				<Button ID="WondersHeader" Anchor="L,C" Size="254,27" Offset="2,0" Texture="CivilopediaButtons272x27.dds">
					<Label Offset="40,6" Font="TwCenMT18" String="TXT_KEY_CITYVIEW_WONDERS_TEXT" />
				</Button>
				<Stack ID="WondersStack" >
					<Box ID="SpecialistControlBox2" Anchor="L,C" Color="White.0" Size="254,32">
						<Label Anchor="R,T" Offset="64,8"/>
						<CheckBox ID="NoAutoSpecialistCheckbox2" Style="SquareCheck" Anchor="L,B" ToolTip="TXT_KEY_CITYVIEW_SPECIALISTCONTROL_TT">
							<Label Anchor="R,C" AnchorSide="O.I" String="TXT_KEY_CITYVIEW_MANUAL_SPEC_CONTROL" Font="TwCenMT16"/>
						</CheckBox>
						<Box Anchor="L,B" Color="27.53.64.255" Size="254,2"/>
					</Box>
				</Stack>
				<!-- Other Buildings -->
				<Button ID="BuildingsHeader" Anchor="L,C" Size="254,27" Offset="2,0" Texture="CivilopediaButtons272x27.dds">
					<Label Offset="40,6" Font="TwCenMT18" String="TXT_KEY_CITYVIEW_REGULARBUILDING_TEXT" />
				</Button>
				<Stack ID="BuildingsStack" />
			</Stack>
			<UpButton Anchor="R,T" AnchorSide="o,i" Offset="-7,-2" Style="ScrollBarUp" />
			<ScrollBar ID="RightScrollBar" Anchor="R,C" AnchorSide="o,i" Offset="-7,-2" Style="VertSlider" Length="200" />
			<DownButton Anchor="R,B" AnchorSide="o,i" Offset="-7,2" Style="ScrollBarDown" />
		</ScrollPanel>
	</Grid>

	<!-- Top Left City Information Panel -->
	<Grid ID="TopLeftBackground" Size="258,314" ConsumeMouse="1" Offset="-16,-9" Style="Grid9DetailSix140" >
		<Stack ID="TopLeftStacks" Offset="16,44">
			<Button ID="CityInfoHeader" Size="226,27" Texture="CivilopediaButtons272x27.dds" >
				<Label Offset="40,6" Font="TwCenMT18" String="TXT_KEY_CIV5_TERRAIN_SNOW_TITLE1"/>
			</Button>
			<Stack ID="CityInfoStack">
				<!-- Happiness -->
				<Button ID="HappinessBox" Size="196,24">
					<Label ID="HappinessIcon" Offset="6,4" String="[ICON_HAPPINESS_1]"/>
					<Label ID="HappinessLabel" Offset="32,4" String="TXT_KEY_TOPIC_HAPPINESS" />
					<Label ID="Happiness" Anchor="R,C" String=""/>
					<Box Anchor="L,B" Color="27.53.64.255" Offset="4,0" Size="196,1"/>
				</Button>
				<!-- Food Info -->
				<Button ID="FoodBox" Size="196,24">
					<Label Offset="6,4" String="[ICON_FOOD]"/>
					<Label Offset="32,4" String="TXT_KEY_CITYVIEW_FOOD_TEXT" Color0="Food" Color1="Black.128" Color2="Beige"/>
					<Label ID="FoodPerTurnLabel" Anchor="R,C" String="" Color0="Food" Color1="Black.128" Color2="Beige"/>
					<Box Anchor="L,B" Color="27.53.64.255" Offset="4,0" Size="196,1"/>
				</Button>
				<!-- Gold Info -->
				<Button ID="GoldBox" Size="196,24">
					<Label Offset="6,4" String="[ICON_GOLD]"/>
					<Label Offset="32,4" String="TXT_KEY_CITYVIEW_GOLD_TEXT" Color0="Gold" Color1="Black.128" Color2="Beige"/>
					<Label ID="GoldPerTurnLabel" Anchor="R,C" String="" Color0="Gold" Color1="Black.128" Color2="Beige"/>
					<Box Anchor="L,B" Color="27.53.64.255" Offset="4,0" Size="196,1"/>
				</Button>
				<!-- Science Info -->
				<Button ID="ScienceBox" Size="196,24">
					<Label Offset="6,4" String="[ICON_RESEARCH]"/>
					<Label Offset="32,4" String="TXT_KEY_CITYVIEW_RESEARCH_TEXT" Color0="Science" Color1="Black.128" Color2="Beige"/>
					<Label ID="SciencePerTurnLabel" Anchor="R,C" String="" Color0="Science" Color1="Black.128" Color2="Beige"/>
					<Box Anchor="L,B" Color="27.53.64.255" Offset="4,0" Size="196,1"/>
				</Button>
				<!-- Faith Info -->
				<Button ID="FaithBox" Size="196,24">
					<Label Offset="6,4" String="[ICON_PEACE]"/>
					<Label Offset="32,4" String="TXT_KEY_CITYVIEW_FAITH_TEXT"/>
					<Label ID="FaithPerTurnLabel" Anchor="R,C" String=""/>
					<Box Anchor="L,B" Color="27.53.64.255" Offset="4,0" Size="196,1"/>
				</Button>
				<!-- Tourism Info -->
				<Button ID="TourismBox" Size="196,24">
					<Label Offset="6,4" String="[ICON_TOURISM"/>
					<Label Offset="32,4" String="TXT_KEY_CITYVIEW_TOURISM_TEXT"/>
					<Label ID="TourismPerTurnLabel" Anchor="R,C" String=""/>
					<Box Anchor="L,B" Color="27.53.64.255" Offset="4,0" Size="196,1"/>
				</Button>
				<!-- Culture Info NotificationTileFrame -->
				<Button ID="CultureBox" Size="196,24">
					<Label Offset="6,4" String="[ICON_CULTURE]"/>
					<Label Offset="32,4" String="TXT_KEY_CITYVIEW_CULTURE_TEXT" Color0="Culture" Color1="Black.128" Color2="Beige"/>
					<Label ID="CulturePerTurnLabel" Anchor="R,C" String="" Color0="Culture" Color1="Black.128" Color2="Beige"/>
					<Box Anchor="L,B" Color="27.53.64.255" Offset="4,0" Size="196,1"/>
				</Button>
				<!-- Production Info -->
				<Button ID="ProdBox" Size="196,24" >
					<Label Offset="6,4" String="[ICON_PRODUCTION]"/>
					<Label Offset="32,4" String="TXT_KEY_CITYVIEW_PROD_TEXT" Color0="Production" Color1="Black.128" Color2="Beige"/>
					<Label ID="ProdPerTurnLabel" Anchor="R,C" String="" Color0="Production" Color1="Black.128" Color2="Beige"/>
				</Button>
			</Stack>
			<!-- Production Queue Header -->
			<Button ID="QueueHeader" Size="226,27" Texture="CivilopediaButtons272x27.dds" >
				<Label Offset="40,6" Font="TwCenMT18" String="TXT_KEY_CITYVIEW_QUEUE_O" ToolTip="TXT_KEY_CITYVIEW_QUEUE_O_TT"/>
			</Button>
			<!-- #1 queue entry in the queue and gets special treatment -->
			<GridButton ID="PQbox" Size="226,38" Style="ListItem" ToolTipType="EUI_ItemTooltip" >
				<Stack Offset="0,10" Padding="8" StackGrowth="Right" >
					<Button ID="PQremove" Offset="4,-7" Size="32,32" Texture="IconFrame32Delete.dds" ToolTip="TXT_KEY_CITYVIEW_Q_X_TEXT" />
					<Label ID="PQrank" String="1." Font="TwCenMT24"/>
					<Label ID="ProductionFinished" Font="TwCenMT24" String="TXT_KEY_RESEARCH_FINISHED" />
					<Label ID="PQname" Font="TwCenMT24" Color0="Production" Color1="Black.128" Color2="Beige"/>
					<Label ID="PQturns" Offset="0,5" Font="TwCenMT16"/>
				</Stack>
				<Image Anchor="L,B" Texture="bar340x2.dds" Size="226,1" Color="White.128" />
				<!-- Queue Slider Control -->
				<Slider ID="QueueSlider1" ConsumeMouseWheel="0" Offset="40,0" Vertical="1" Texture="Blank.dds" Length="38" Size="230,38" >
					<Shuttle Vertical="1" Texture="Blank.dds" Size="230,38" />
				</Slider>
			</GridButton>
			<!-- Pending Items Queue -->
			<ScrollPanel ID="QueueScrollPanel" Size="226,40" Vertical="1" AutoScrollBar="1" >
				<ScrollBar ID="QueueScrollBar" Style="VertSlider" Anchor="R,C" AnchorSide="O.I" Length="4" />
				<UpButton Style="ScrollBarUp" Anchor="R,T" AnchorSide="O.I" />
				<DownButton Style="ScrollBarDown" Anchor="R,B" AnchorSide="O.I" />
				<Stack ID="QueueStack" />
				<!-- Queue Slider Control -->
				<Slider ID="QueueSlider2" ConsumeMouseWheel="0" AnchorSide="O,I" Offset="-270,0" Vertical="1" Texture="Blank.dds" Length="200" Size="230,1" >
					<Shuttle Vertical="1" Texture="Blank.dds" Size="230,38" />
				</Slider>
			</ScrollPanel>
		</Stack>
	</Grid>

	<!-- Bottom Left Production Selection -->
	<Grid ID="SelectionBackground" ConsumeMouse="1" Size="302,300" Anchor="L,B" Offset="-16,-39" Style="Grid9DetailFive140" >
		<Label Anchor="C,T" Offset="0,14" String="TXT_KEY_ADVISOR_SCREEN_PRODUCTION_CHOOSER_DISPLAY" FontStyle="Stroke" />
		<!-- Order Selection -->
		<ScrollPanel ID="SelectionScrollPanel"Anchor="L,B" Offset="16,43" Size="270,108" Vertical="1" AutoScrollBar="1" >
			<ScrollBar ID="SelectionScrollBar" Style="VertSlider" Anchor="R,C" AnchorSide="O.I" Length="72" />
			<UpButton Style="ScrollBarUp" Anchor="R,T" AnchorSide="O.I" />
			<DownButton Style="ScrollBarDown" Anchor="R,B" AnchorSide="O.I" />
			<Stack ID="SelectionStacks" >
				<Button ID="UnitButton" Size="272,27" Offset="1,0" Texture="CivilopediaButtons272x27.dds" >
					<Label Offset="40,6" Font="TwCenMT18" String="TXT_KEY_TOPIC_UNITS" />
				</Button>
				<Stack ID="UnitButtonStack" />
				<Button ID="BuildingsButton" Size="272,27" Offset="1,0" Texture="CivilopediaButtons272x27.dds" >
					<Label Offset="40,6" Font="TwCenMT18" String="TXT_KEY_CITYVIEW_REGULARBUILDING_TEXT" />
				</Button>
				<Stack ID="BuildingButtonStack" />
				<Button ID="WondersButton" Size="272,27" Offset="1,0" Texture="CivilopediaButtons272x27.dds" >
					<Label Offset="40,6" Font="TwCenMT18" String="TXT_KEY_CITYVIEW_WONDERS_TEXT" />
				</Button>
				<Stack ID="WonderButtonStack" />
				<Button ID="OtherButton" Size="272,27" Offset="1,0" Texture="CivilopediaButtons272x27.dds" >
					<Label Offset="40,6" Font="TwCenMT18" String="TXT_KEY_WONDER_SECTION_3" />
				</Button>
				<Stack ID="OtherButtonStack" Size="256,32" />
			</Stack>
		</ScrollPanel>
	</Grid>

	<!-- Production & Population Meters -->
	<Button ID="ProductionPortraitButton" Offset="230,30" Size="128.128" Texture="TechTreeMeterBack.dds" NoStateChange="1">
		<Meter ID="PQlossMeter" Size="128,128" Texture="ProductionPanelMeter128.dds" HasShadow="0" Color="Red,192" />
		<Meter ID="PQprogressMeter" Size="128,128" Texture="ProductionPanelMeter128.dds" HasShadow="1" />
		<Line ID="PQline1" Offset="64,64" Start="0,0" Color="Production,192" />
		<Line ID="PQline2" Offset="64,64" Start="0,0" Color="Black" />
		<Image Size="128,128" Texture="TechTreeMeterFrame.dds" />
		<Image ID="PQportrait" Size="128,128" />
		<Label ID="PQlabel1" Anchor="C,C" Color0="Production" Color1="Black,200" Font="TwCenMT14" FontStyle="Stroke" />
		<Label ID="PQlabel2" Anchor="C,C" Color0="Production" Color1="Black,200" Font="TwCenMT14" FontStyle="Stroke" />
	</Button>
	<Image Size="45,45" Offset="225,22" Texture="UnitActions360.dds" TextureOffset="270,0" ToolTip="TXT_KEY_EUI_AUTOMATE_PRODUCTION_TT" >
		<CheckBox ID="AutomateProduction" ButtonSize="45,45" ButtonTexture="Blank.dds" />
	</Image>
	<Button ID="PopulationPortraitButton" Anchor="R,T" Offset="290,30" Size="128.128" Texture="TechTreeMeterBack.dds" NoStateChange="1">
		<Meter ID="PopLossMeter" Size="128,128" Texture="ProductionPanelMeter128.dds" HasShadow="0" Color="Red,192" />
		<Meter ID="PopProgressMeter" Size="128,128" Texture="ProductionPanelMeter128.dds" HasShadow="1" Color="Food" />
		<Line ID="PopLine1" Offset="64,64" Start="0,0" Color="Food" />
		<Line ID="PopLine2" Offset="64,64" Start="0,0" Color="Black" />
		<Image Size="128,128" Texture="LeaderPortraits1024Frame.dds"/>
		<Image Size="128,128" Texture="TechTreeMeterFrame.dds" />
		<Image ID="PopPortrait" Size="128,128" Color="White,192"/>
		<Label ID="PopLabel1" Anchor="C,C" Color0="Food" Color1="Black,200" Font="TwCenMT14" FontStyle="Stroke" />
		<Label ID="PopLabel2" Anchor="C,C" Color0="Food" Color1="Black,200" Font="TwCenMT14" FontStyle="Stroke" />
		<Label ID="CityPopulationLabel" Anchor="C,C" Offset="0,-12" Font="TwCenMT24" FontStyle="Stroke"/>
		<Label ID="CityPopulationLabelSuffix" Anchor="C,C" Offset="0,12" Font="TwCenMT20" FontStyle="Stroke"/>
	</Button>

	<!-- Center Top City Name Panel -->
	<Button ID="TitlePanel" Anchor="C,T" Offset="0,44" Texture="CityNamePanel.dds" Size="512.128" NoStateChange="1" ConsumeMouse="1">
		<!-- City Health Bar -->
		<Image ID="HealthFrame" Anchor="C,T" Offset="0,42" Texture="CityNamePanelHealthBar.dds" Size="278.10" >
			<TextureBar ID="HealthMeter" Anchor="L,C" Size="278.10" Direction="Right" Texture="CityNamePanelHealthBarGreen.dds" />
		</Image>
		<Button ID="NextCityButton" Anchor="C,C" Size="32,32" Offset="164.0" TextureOffset="32.0" Texture="CityNamePanelArrows.dds"/>
		<Button ID="PrevCityButton" Anchor="C,C" Size="32,32" Offset="-164.0" Texture="CityNamePanelArrows.dds"/>
		<Label ID="CityNameTitleBarLabel" Anchor="C,C" Font="TwCenMT24" FontStyle="SoftShadow" TruncateWidth="300"/>

		<!-- City Strength -->
		<Label ID="Defense" Offset="3,18" Anchor="C,T" Font="TwCenMT24" ToolTip="TXT_KEY_CITYVIEW_CITY_COMB_STRENGTH_TT"/>
		<Stack ID="NotificationStack" Offset="0,88" Anchor="C,T" Padding="3" >
			<!-- Resource Demanded -->
			<Grid ID="ResourceDemandedBox" ConsumeMouse="1" Anchor="C,T" Style="WindowGrid" Size="300,26" ToolTip="TXT_KEY_CITYVIEW_RESOURCE_DEMANDED_TT" Hidden="1">
				<Label ID="ResourceDemandedString" Anchor="C,C" Offset="0,-1" Font="TwCenMT16"/>
			</Grid>
			<Stack ID="IconsStack" Anchor="C,T" StackGrowth="Right" >
				<Label ID="CityIsRazing" Anchor="C,T" String="[ICON_RAZING]" Hidden="1"/>
				<Label ID="CityIsResistance" Anchor="C,T" String="[ICON_RESISTANCE]" Hidden="1"/>
				<Label ID="CityIsConnected" Anchor="C,T" String="[ICON_CONNECTED]" ToolTip="TXT_KEY_CITY_CONNECTED" Hidden="1"/>
				<Label ID="CityIsBlockaded" Anchor="C,T" String="[ICON_BLOCKADED]" ToolTip="TXT_KEY_CITY_BLOCKADED" Hidden="1"/>
				<Label ID="CityIsPuppet" Anchor="C,T" String="[ICON_PUPPET]" ToolTip="TXT_KEY_CITY_PUPPET" Hidden="1"/>
				<Label ID="CityIsOccupied" Anchor="C,T" String="[ICON_OCCUPIED]" ToolTip="TXT_KEY_CITY_OCCUPIED" Hidden="1"/>
			</Stack>
		</Stack>
		<TextButton ID="EditButton" Offset="155,27" Anchor="C,C" Style="Font16or20" String="TXT_KEY_EDIT_BUTTON" MouseOverStyle="SoftShadow" ConsumeMouse="1" />
	</Button>

	<!-- Civ Icon -->
	<Image ID="CivIconFrame" Anchor="C,T" Texture="IconFrame64.dds" Size="64.64" >
		<Image ID="CivIconBG" Size="64.64" Offset="-1,-1" Texture="CivIconBGSizes.dds"/>
		<Image ID="CivIconShadow" Size="48.48" Anchor="C,C" Offset="1,1" Texture="CivSymbolAtlas48.dds" Color="Black.128"/>
		<Image ID="CivIcon" Size="48,48" Anchor="C,C" Texture="CivSymbolsColor512.dds"/>
	</Image>

	<!-- City task button -->
	<GridButton ID="CityTaskButton" Anchor="C,T" Offset="0,210" Size="280,36" Style="BaseButton" String="TXT_KEY_POPUP_ANNEX_CITY" Hidden="1"/>

	<!-- Buy Plot Button  -->
	<GridButton ID="BuyPlotButton" Anchor="C,T" Offset="0,165" Size="280,36" Style="BaseButton" ToolTip="TXT_KEY_CITYVIEW_BUY_TILE_TT">
		<Label ID="BuyPlotText" Anchor="C,C" String="TXT_KEY_CITYVIEW_BUY_TILE" />
		<Image Anchor="R,T" Offset="-42,-22" Size="80,80" Texture="NotificationTileFrame.dds" ConsumeMouse="1" ToolTip="TXT_KEY_CITYVIEW_BUY_TILE_TT">
			<Image Anchor="C,C" Size="80,80" Texture="NotificationTileGlass.dds"/>
			<AlphaAnim Anchor="C,C" Size="80,80" Texture="NotificationTileGlow.dds" Pause="0" Cycle="Bounce" Speed="1" AlphaStart="0" AlphaEnd="1"/>
			<FlipAnim ID="BuyPlotAnim" Size="64,64" Offset="2,0" Columns="15" Anchor="C,C" Speed="20" StepSize="64,0" FrameCount="15" Texture="NotificationTilePurchaseAni.dds"/>
		</Image>
		<Image ID="CulturePlot" Offset="-42,-22" Size="80,80" Texture="NotificationTileFrame.dds" ConsumeMouse="1">
			<TextureBar ID="CultureMeter" Offset="17,13" Size="46.52" HasShadow="1" ShadowColor="Culture.128" Texture="MeterBarCultureBorder.dds" Direction="Up" />
			<Label ID="CultureTimeTillGrowthLabel" Anchor="C,C" Font="TwCenMT24" FontStyle="Stroke" String=""/>
		</Image>
	</GridButton>

	<!-- Return to map button -->
	<GridButton ID="ReturnToMapButton" Anchor="C,B" Offset="0,150" Size="280,36" Style="BaseButton" String="TXT_KEY_RETURN" ToolTip="TXT_KEY_CITYVIEW_RETURN_TT"/>

	<!-- Sell Building Confirmation Popup -->
	<Box ID="SellBuildingConfirm" ConsumeMouse="1" Color="Black.200" Size="Full.Full" Hidden="1" >
		<Grid ID="SellBuildingFrame" Size="500,410" Anchor="C,C" Padding="30,30" Style="Grid9DetailFive140" >
			<!-- Side treatments -->
			<Box Style="MenuLeftSideTreatment"/>
			<Box Style="MenuRightSideTreatment"/>
			<Image Anchor="C,T" AnchorSide="I.O" Offset="0,-14" Size="256,64" Texture="Top512IconTrim.dds">
				<Image Anchor="C,C" Offset="0,-6" Size="80,80" Texture="NotificationFrameBase.dds">
					<AlphaAnim Anchor="C,C" Size="80,80" Texture="NotificationGenericGlow.dds" Pause="0" Cycle="Bounce" Speed="1" AlphaStart="1" AlphaEnd=".5"/>
				</Image>
			</Image>
			<Stack ID="SellBuildingStack" Anchor="C,T" Offset="0,70" Padding="24" >
				<Label ID="SellBuildingTitle" Anchor="C,C" ColorSet="Beige_Black" Font="TwCenMT22" WrapWidth="440"/>
				<Image ID="SellBuildingImage" Anchor="C,C" Size="256,256"/>
				<Label ID="SellBuildingText" Anchor="C,T" ColorSet="Beige_Black" Font="TwCenMT22" WrapWidth="440" LeadingOffset="-8"/>
				<GridButton ID="YesButton" Style="BaseButton" Size="400,42" Anchor="C,T" String="TXT_KEY_YES_BUTTON" Font="TwCenMT24"/>
				<GridButton ID="NoButton" Style="BaseButton" Size="400,42" Anchor="C,T" String="TXT_KEY_NO_BUTTON" Font="TwCenMT24"/>
			</Stack>
		</Grid>
	</Box>

	<!-- Instances -->
	<Instance Name="SelectionInstance">
		<Button ID="Button" Size="270,32" ToolTipType="EUI_ItemTooltip" >
			<ShowOnMouseOver>
				<AlphaAnim Anchor="R,T" Size="260,32" Pause="0" Cycle="Bounce" Speed="1" AlphaStart="2" AlphaEnd="1">
					<Grid Offset="0,-2" Size="260,37" Style="Grid9FrameTurnsHL"/>
				</AlphaAnim>
			</ShowOnMouseOver>
			<TextureBar ID="ProductionMeter" Size="270,10" Offset="0,-3" Texture="CityNamePanelHealthBarYellow.dds" Direction="Right" />
			<Box ID="DisabledProduction" Color="Black,153" Size="270,31" Anchor="L,B" Hidden="1"/>
			<Image ID="Portrait" Offset="-4,-6" Texture="WonderAtlas360.dds" Size="45,45" />
			<Label ID="Name" Offset="42,2" Font="TwCenMT18"/>
			<Label ID="Turns" Offset="42,18" Font="TwCenMT14"/>
			<Box ID="Disabled" Color="Black,153" Size="270,31" Anchor="L,B" Hidden="1"/>
			<Stack Anchor="R,C" StackGrowth="Left" >
				<Image ID="ScienceRecommendation" ToolTip="TXT_KEY_CITY_CONSTRUCTION_ADVISOR_RECOMMENDATION_SCIENCE" Anchor="R,C" Size="32,32" Texture="AdvisorSymbolScience.dds" Hidden="1">
					<ScrollAnim Size="32.32" Speed=".2" Pause=".5" Texture="AdvisorShine.dds" MaskTexture="AdvisorMaskScience.dds"/>
					<AlphaAnim Anchor="C,C" Offset="4,4" Size="32,32" Texture="AdvisorSpecShine.dds" Pause="5" Cycle="Bounce" Speed="4" AlphaStart="0" AlphaEnd="1"/>
					<AlphaAnim Anchor="C,C" Offset="0,-4" Size="32,32" Texture="AdvisorSpecShine.dds" Pause="3" Cycle="Bounce" Speed="4" AlphaStart="0" AlphaEnd="1"/>
				</Image>
				<Image ID="ForeignRecommendation" ToolTip="TXT_KEY_CITY_CONSTRUCTION_ADVISOR_RECOMMENDATION_FOREIGN" Anchor="R,C" Size="32,32" Texture="AdvisorSymbolForeign.dds" Hidden="1">
					<ScrollAnim Size="32.32" Speed=".2" Pause=".5" Texture="AdvisorShine.dds" MaskTexture="AdvisorMaskForeign.dds"/>
					<AlphaAnim Anchor="C,C" Offset="6,5" Size="32,32" Texture="AdvisorSpecShine.dds" Pause="5" Cycle="Bounce" Speed="4" AlphaStart="0" AlphaEnd=".7"/>
					<AlphaAnim Anchor="C,C" Offset="-2,-5" Size="32,32" Texture="AdvisorSpecShine.dds" Pause="3" Cycle="Bounce" Speed="4" AlphaStart="0" AlphaEnd=".7"/>
				</Image>
				<Image ID="EconomicRecommendation" ToolTip="TXT_KEY_CITY_CONSTRUCTION_ADVISOR_RECOMMENDATION_ECONOMIC" Anchor="R,C" Size="32,32" Texture="AdvisorSymbolEconomic.dds" Hidden="1">
					<ScrollAnim Size="32.32" Speed=".2" Pause=".5" Texture="AdvisorShine.dds" MaskTexture="AdvisorMaskEconomic.dds"/>
					<AlphaAnim Anchor="C,C" Offset="4,4" Size="32,32" Texture="AdvisorSpecShine.dds" Pause="5" Cycle="Bounce" Speed="4" AlphaStart="0" AlphaEnd="1"/>
					<AlphaAnim Anchor="C,C" Offset="0,-4" Size="32,32" Texture="AdvisorSpecShine.dds" Pause="3" Cycle="Bounce" Speed="4" AlphaStart="0" AlphaEnd="1"/>
				</Image>
				<Image ID="MilitaryRecommendation" ToolTip="TXT_KEY_CITY_CONSTRUCTION_ADVISOR_RECOMMENDATION_MILITARY" Anchor="R,C" Size="32,32" Texture="AdvisorSymbolMilitary.dds" Hidden="1">
					<ScrollAnim Size="32.32" Speed=".2" Pause=".5" Texture="AdvisorShine.dds" MaskTexture="AdvisorMaskMilitary.dds"/>
					<AlphaAnim Anchor="C,C" Offset="4,4" Size="32,32" Texture="AdvisorSpecShine.dds" Pause="5" Cycle="Bounce" Speed="4" AlphaStart="0" AlphaEnd=".7"/>
					<AlphaAnim Anchor="C,C" Offset="-3,-6" Size="32,32" Texture="AdvisorSpecShine.dds" Pause="3" Cycle="Bounce" Speed="4" AlphaStart="0" AlphaEnd=".7"/>
				</Image>
				<GridButton ID="GoldButton" Anchor="R,C" Size="70,22" Style="SmallButton" ToolTipType="EUI_ItemTooltip" Font="TwCenMT16"/>
				<GridButton ID="FaithButton" Anchor="R,C" Size="70,22" Style="SmallButton" ToolTipType="EUI_ItemTooltip" Font="TwCenMT16"/>
			</Stack>
			<Image Anchor="L,B" Offset="0,-1" Texture="bar340x2.dds" Size="270,1" Color="White.128" />
		</Button>
	</Instance>

	<Instance Name="ProductionInstance">
		<GridButton ID="PQbox" Style="ListItem" Size="226,38" ToolTipType="EUI_ItemTooltip" >
			<Stack Anchor="L,C" Offset="40,-1" Padding="4" StackGrowth="Right" >
				<Label ID="PQrank" Anchor="L,C" Font="TwCenMT24" />
				<Image ID="PQportrait" Anchor="L,C" Texture="UnitPortraitsAncientMedieval360.dds" Size="45.45"/>
				<Stack Anchor="L,C" Padding="6" >
					<Label ID="PQname" Font="TwCenMT16"/>
					<Label ID="PQturns" Font="TwCenMT16"/>
				</Stack>
			</Stack>
			<Box ID="PQdisabled" Size="226,38" Color="27.0.64.128" />
			<Button ID="PQremove" Anchor="L,C" Offset="4,-1" Size="32,32" Texture="IconFrame32Delete.dds" ToolTip="TXT_KEY_CITYVIEW_Q_X_TEXT" />
			<Image Anchor="L,B" Texture="bar340x2.dds" Size="226,1" Color="White.128" />
		</GridButton>
	</Instance>

	<Instance Name="BuildingInstance">
		<Button ID="Button" Size="254,64" ToolTipType="EUI_ItemTooltip" >
			<Image Anchor="R,T" Size="64,64" Texture="64x64FrameButtons.dds">
				<Image ID="Portrait" Anchor="C,C" Size="64,64" />
			</Image>
			<Stack ID="Stack" Anchor="R,T" Offset="0,8" Padding="8" >
				<Label ID="Name" Anchor="R,T" Offset="64,0" Font="TwCenMT18" TruncateWidth="190"/>
				<Stack ID="SlotStack" Anchor="R,T" StackGrowth="Left" WrapGrowth="Down" WrapWidth="254">
					<Container Size="64.1"/>
					<TextButton ID="TextButton" Anchor="R,C"/>
				</Stack>
				<Label ID="Label" Anchor="R,B" WrapWidth="254"/>
			</Stack>
			<GridButton ID="SellButton" Size="70,22" Style="SmallButton" Color="255,128,128,255" Font="TwCenMT16" ToolTip="TXT_KEY_CLICK_TO_SELL" />
			<Box Anchor="C,B" Color="27.53.64.255" Size="254,2"/>
		</Button>
	</Instance>

	<Instance Name="Slot">
		<Button ID="Button" Size="32,32" ToolTipType="EUI_ItemTooltip"/>
	</Instance>
	<Instance Name="Work">
		<Button ID="Button" Size="32,32"/>
	</Instance>

	<!-- Great Person Meter Instances -->
	<Instance Name="GPInstance">
		<Button ID="GPBox" NoStateChange="1" Color="255.255.255.0" Size="254,70">
			<Image Anchor="C,C" Size="214,29" Offset="-20,4" Texture="MeterBarGreatPersonBack.dds">
				<TextureBar ID="GPMeter" Anchor="L,C" Size="214.29" Texture="MeterBarGreatPersonGold.dds" Direction="Right" HasShadow="1" ShadowColor="White,120"/>
				<Image Anchor="L,C" Size="214,29" Texture="MeterBarFrame.dds"/>
				<Label ID="GreatPersonLabel" Offset="12,-15" String="TXT_KEY_CITYVIEW_GP_PROGRGRESS" Font="TwCenMT16" />
			</Image>
			<Image Anchor="R,C" Size="64,64" Offset="0,-2" Texture="64x64FrameButtons.dds">
				<Image ID="GPImage" Anchor="C,C" Size="64,64"/>
			</Image>
			<Box Anchor="L,B" Color="27.53.64.255" Size="254,2"/>
		</Button>
	</Instance>
	<!-- Buy Plot Button to show up on tile -->
	<Instance Name="BuyPlotButtonInstance">
		<WorldAnchor ID="BuyPlotButtonAnchor">
			<Image Size="45,45" Anchor="C,C" Texture="45x45BaseFrame.dds" >
				<Image Size="64,64" Offset="3,3" Anchor="C,C" Texture="NotificationTilePurchaseAni.dds"/>
			</Image>
			<Button ID="BuyPlotAnchoredButton" Size="45,45" Anchor="C,C">
				<ShowOnMouseOver>
					<Image Size="45,45" Anchor="C,C" Texture="45x45BaseFrame.dds" />
					<FlipAnim Size="64,64" Offset="3,3" Columns="15" Anchor="C,C" Speed="20" Pause="0" StepSize="64,0" FrameCount="15" Texture="NotificationTilePurchaseAni.dds" />
				</ShowOnMouseOver>
				<Label ID="BuyPlotAnchoredButtonLabel" Anchor="C,C" Font="TwCenMT20" FontStyle="Stroke"/>
			</Button>
		</WorldAnchor>
	</Instance>
	<!-- tile buttons -->
	<Instance Name="PlotButtonInstance">
		<WorldAnchor ID="PlotButtonAnchor">
			<Button Size="45,45" Anchor="C,C" Texture="45x45FrameButton.dds"/>
			<Button ID="PlotButtonImage" NoStateChange="1" Anchor="C,C" String="" TextOffset="8,8" Size="45,45" Texture="CitizenIcons180.dds"/>
		</WorldAnchor>
	</Instance>
	<!-- City -->
	<Instance Name="CityInstance">
		<Button ID="Button" Size="64,64" Offset="-7,0" Texture="64x64CityWorker.dds" ConsumeMouse="1">
			<Image ID="CityProduction" Size="64,64">
				<TextureBar ID="BuildMeter" Size="64,64" Texture="64x64FrameButtons.dds" HasShadow="1" ShadowColor="White,99" Direction="Down"/>
			</Image>
			<TextureBar ID="GrowthMeter" Size="64,64" Texture="BuildCity64.dds" Color="Green" Direction="Up" Hidden="1"/>
			<Label ID="CityResistanceTurns" Anchor="C,C" Font="TwCenMT24" FontStyle="Stroke" Color0="Red" Color1="Black,155" />
			<Label ID="CityIsCapital" Offset="6,6" String="[ICON_CAPITAL]"/>
			<Label ID="CityIsPuppet" Offset="6,6" String="[ICON_PUPPET]"/>
			<Label ID="CityIsOccupied" Offset="6,6" String="[ICON_OCCUPIED]" ToolTip="TXT_KEY_CITY_OCCUPIED"/>
			<Label ID="CityIsResistance" Offset="6,6" String="[ICON_RESISTANCE]"/>
			<Label ID="CityIsRazing" Offset="6,6" String="[ICON_RAZING]"/>
			<Label ID="CityIsConnected" Offset="6,40" String="[ICON_CONNECTED]"/>
			<Label ID="CityIsBlockaded" Offset="6,40" String="[ICON_BLOCKADED]" ToolTip="TXT_KEY_CITY_BLOCKADED"/>
			<Label ID="CityReligion" Offset="40,6"/>
			<Label ID="CityFocus" Offset="40,40"/>

			<Label ID="CityName" Anchor="C,B" Offset="0,-8" Font="TwCenMT16" FontStyle="Stroke" TruncateWidth="80" ReduceOnTruncate="1" />
			<Stack Anchor="C,B" Offset="0,-30" Padding="6" StackGrowth="Right">
				<Label ID="CityPopulation" Font="TwCenMT22" FontStyle="Stroke" />
				<Label ID="CityQuests"/>
			</Stack>
			<Stack Anchor="C,B" Offset="0,-50" Padding="8" StackGrowth="Right">
				<Label ID="BuildGrowth" Font="TwCenMT18" FontStyle="Stroke" Color0="Production" Color1="Black,155"/>
				<Label ID="CityGrowth" Font="TwCenMT18" FontStyle="Stroke" Color0="Food" Color1="Black,155"/>
				<Label ID="BorderGrowth" Font="TwCenMT18" FontStyle="Stroke" Color0="Culture" Color1="Black,155"/>
			</Stack>
		</Button>
	</Instance>
</Context>
