<?xml version="1.0" encoding="utf-8"?>
<!-- edited with XMLSPY v2004 rel. 2 U (http://www.xmlspy.com) by Anton Strenger (Firaxis Games) -->
<Context>
	<!--=======================================================================================================================-->
	<!-- Button Instance
	<!--=======================================================================================================================-->
	<Instance Name="ButtonInstance">
		<Button ID="Button" Size="64,64" Texture="64x64FrameButtons.dds" >
			<ShowOnMouseOver>
				<AlphaAnim Anchor="R,C" AnchorSide="O.O" Offset="-9,0" Size="16,32" TextureOffset="16.0" Texture="buttonsidesglow.dds" Pause="0" Cycle="Bounce" Speed="1" AlphaStart=".99" AlphaEnd=".25"/>
				<AlphaAnim Anchor="L,C" AnchorSide="O.O" Offset="-9,0" Size="16,32" Texture="buttonsidesglow.dds" Pause="0" Cycle="Bounce" Speed="1" AlphaStart=".99" AlphaEnd=".25"/>
				<Image Anchor="R,C" Offset="-9,0" TextureOffset="8,0" AnchorSide="O.O" Texture="buttonsides.dds" Size="8,16"/>
				<Image Anchor="L,C" Offset="-9,0" AnchorSide="O.O" Texture="buttonsides.dds" Size="8,16"/>
			</ShowOnMouseOver>
			<Image ID="Image" Size="64,64"/>
		</Button>
	</Instance>
	<!--=======================================================================================================================-->
	<!-- Text Instance -->
	<!--=======================================================================================================================-->
	<Instance Name="TextInstance">
		<Label ID="Text" Offset="15,-10" Anchor="L,T" WrapWidth="200" LeadingOffset="-5" Font="TwCenMT20" FontStyle="Shadow" Color0="Beige" Color1="0.0.0.160"/>
	</Instance>
	<!--=======================================================================================================================-->
	<!-- Button Box Instance -->
	<!--=======================================================================================================================-->
	<Instance Name="ButtonBoxInstance">
		<Grid ID="Frame" Size="204,136" Style="GridBlackIndent8">
			<Label ID="Label" Offset="4,-18" Anchorside="I.O" TruncateWidth="208" Font="TwCenMT20" FontStyle="Shadow" Color0="Beige" Color1="0.0.0.160" />
			<Stack ID="Stack" StackGrowth="Right" WrapGrowth="Down" WrapWidth="208" Padding="4" WrapPadding="4" />
			<Grid ID="InnerFrame" Anchor="-2,-2" Size="208,140" Style="Grid9Frame" />
		</Grid>
	</Instance>
	<!--=======================================================================================================================-->
	<!-- Instance of a list item -->
	<!--=======================================================================================================================-->
	<Instance Name="ListItemInstance">
		<Button ID="ListItemButton" Anchor="L,C" Size="256,22" Texture="CivilopediaSideButtons22.dds" ToolTipType="TypeRoundImage">
			<ShowOnMouseOver>
				<AlphaAnim Anchor="C,C" Size="272,22" Pause="0" Cycle="Bounce" Speed="1" AlphaStart="1" AlphaEnd=".25">
					<Image Anchor="C,C" Offset="-1,0" Texture="CivilopediaSideButtons272x22HL.dds" Size="272,22"/>
				</AlphaAnim>
				<AlphaAnim Anchor="R,C" AnchorSide="O.O" Offset="9,-1" Size="16,32" TextureOffset="16.0" Texture="buttonsidesglow.dds" Pause="0" Cycle="Bounce" Speed="1" AlphaStart=".99" AlphaEnd=".25"/>
				<AlphaAnim Anchor="L,C" AnchorSide="O.O" Offset="11,-1" Size="16,32" Texture="buttonsidesglow.dds" Pause="0" Cycle="Bounce" Speed="1" AlphaStart=".99" AlphaEnd=".25"/>
				<Image Anchor="R,C" Offset="2,-1" TextureOffset="8.0" AnchorSide="O.O" Texture="buttonsides.dds" Size="8,16"/>
				<Image Anchor="L,C" Offset="2,-1" AnchorSide="O.O" Texture="buttonsides.dds" Size="8,16"/>
			</ShowOnMouseOver>
			<Label ID="ListItemLabel" Anchor="L,C" Offset="12,-2" Font="TwCenMT16" TruncateWidth="244" ColorSet="Beige_Black_Alpha" FontStyle="Shadow" String=""/>
		</Button>
	</Instance>
	<!--=======================================================================================================================-->
	<!-- Instance of a list heading -->
	<!--=======================================================================================================================-->
	<Instance Name="ListHeadingInstance">
		<Button ID="ListHeadingButton" Anchor="L,C" Size="254,27" Offset="1,0" Texture="CivilopediaButtons272x27.dds">
			<Label ID="ListHeadingLabel" Anchor="L,C" Offset="0,-2" Font="TwCenMT18" ColorSet="Beige_Black_Alpha" FontStyle="Shadow" String="- Era Name Open Example"/>
		</Button>
	</Instance>
	<!--=======================================================================================================================-->
	<!-- Instance of a Great Works button -->
	<!--=======================================================================================================================-->
	<Instance Name="GreatWorksInstance">
		<Container ID="GreatWorksButton" Size="64,64">
			<Image ID="GreatWorksImage" Anchor="C,C" Texture="GreatWorks.dds" Size="32,32"/>
		</Container>
	</Instance>
	<!--=======================================================================================================================-->
	<!-- Text Box Instance -->
	<!--=======================================================================================================================-->
	<Instance Name="TextBoxInstance">
		<Grid ID="Frame" Size="204,36" Style="GridBlackIndent8">
			<Label ID="Title" Offset="4,-18" Anchorside="I.O" TruncateWidth="200" Font="TwCenMT20" FontStyle="Shadow" Color0="Beige" Color1="0.0.0.160"/>
			<Grid ID="InnerFrame" Offset="-2,-2" Size="208,40" Style="Grid9Frame">
				<Label ID="Text" Offset="15,15" WrapWidth="200" LeadingOffset="-5" Font="TwCenMT20" FontStyle="Shadow" Color0="Beige" Color1="0.0.0.160"/>
			</Grid>
		</Grid>
	</Instance>

	<!--=======================================================================================================================-->
	<!-- The display -->
	<!--=======================================================================================================================-->
	<Box ID="BackDrop" Anchor="C,C" Size="Full,Full" Color="0,0,0,160" ConsumeMouse="1"/>
	<Container Anchor="C,C" Size="1024,Full">
		<Image Anchor="C,T" Texture="FancyTrim1024.dds" Size="1024,64"/>
		<Label Anchor="C,T" Offset="0,4" Font="TwCenMT24" FontStyle="Shadow" Color0="Beige" Color1="0.0.0.160" String="TXT_KEY_CIVILOPEDIA"/>
		<Grid Size="1024,full" Anchor="C,T" Offset="0,82" Style="Grid9DetailFive140">
			<Image Anchor="C,T" Offset="0.5" Texture="CivilopediaTopTitleDark.dds" Size="360,39">
				<Image Anchor="L,C" AnchorSide="I.O" Texture="CivilopediaTopTitleDivider.dds" Size="3,32"/>
				<Image Anchor="R,C" AnchorSide="I.O" Texture="CivilopediaTopTitleDivider.dds" Size="3,32"/>
				<Label ID="CategoryLabel" Anchor="C,C" Font="TwCenMT20" FontStyle="Shadow" Color0="Beige" Color1="0.0.0.160" String="TXT_KEY_PEDIA_TECH_SECTION"/>
				<Button ID="BackButton" Offset="-305,3" Style="BackButton" Anchor="L,C">
					<ShowOnMouseOver>
						<AlphaAnim Anchor="L,C" Size="48,48" Pause="0" Cycle="Bounce" Speed="1" AlphaStart="1" AlphaEnd=".5">
							<Label Anchor="R,C" AnchorSide="O.I" Offset="-10,-2" Font="TwCenMT20" FontStyle="SoftShadow" Color0="Beige" Color1="0.0.0.160" String="TXT_KEY_BACK_BUTTON"/>
						</AlphaAnim>
					</ShowOnMouseOver>
				</Button>
				<Button ID="ForwardButton" Offset="-36,3" Style="ForwardButton" Anchor="L,C">
					<ShowOnMouseOver>
						<AlphaAnim Anchor="L,C" Size="48,48" Pause="0" Cycle="Bounce" Speed="1" AlphaStart="1" AlphaEnd=".5">
							<Label Anchor="L,C" AnchorSide="O.I" Offset="4,-2" Font="TwCenMT20" FontStyle="SoftShadow" Color0="Beige" Color1="0.0.0.160" String="TXT_KEY_FORWARD_BUTTON"/>
						</AlphaAnim>
					</ShowOnMouseOver>
				</Button>
			</Image>
			<Button ID="CloseButton" Anchor="R,T" Size="32,32" Offset="36.6" TextureOffset="28,-3" Texture="CloseMinButtons.dds" ToolTip="TXT_KEY_ESC_TO_EXIT"/>"

			<!-- Top Tab Buttons -->
			<Stack Offset="38,-35" Size="64,64" StackGrowth="Right" Padding="1">
				<Button ID="CategoryButton1" Anchor="C,T" Size="46,50" Offset="0,-10" Texture="CivilopediaTopButtonsHome.dds" ToolTip="TXT_KEY_PEDIA_CATEGORY_1_LABEL"/>
				<Button ID="CategoryButton2" Anchor="C,T" Size="46,50" Offset="0,-10" Texture="CivilopediaTopButtonsGameplay.dds" ToolTip="TXT_KEY_PEDIA_CATEGORY_2_LABEL"/>
				<Button ID="CategoryButton3" Anchor="C,T" Size="46,50" Offset="0,-10" Texture="CivilopediaTopButtonsTechnology.dds" ToolTip="TXT_KEY_PEDIA_CATEGORY_3_LABEL"/>
				<Button ID="CategoryButton4" Anchor="C,T" Size="46,50" Offset="0,-10" Texture="CivilopediaTopButtonsUnit.dds" ToolTip="TXT_KEY_PEDIA_CATEGORY_4_LABEL"/>
				<Button ID="CategoryButton5" Anchor="C,T" Size="46,50" Offset="0,-10" Texture="CivilopediaTopButtonsPromotions.dds" ToolTip="TXT_KEY_PEDIA_CATEGORY_5_LABEL"/>
				<Button ID="CategoryButton6" Anchor="C,T" Size="46,50" Offset="0,-10" Texture="CivilopediaTopButtonsBuildings.dds" ToolTip="TXT_KEY_PEDIA_CATEGORY_6_LABEL"/>
				<Button ID="CategoryButton7" Anchor="C,T" Size="46,50" Offset="0,-10" Texture="CivilopediaTopButtonsWonders.dds" ToolTip="TXT_KEY_PEDIA_CATEGORY_7_LABEL"/>
				<Button ID="CategoryButton8" Anchor="C,T" Size="46,50" Offset="0,-10" Texture="CivilopediaTopButtonsSocialPolicy.dds" ToolTip="TXT_KEY_PEDIA_CATEGORY_8_LABEL"/>
				<Button ID="CategoryButton9" Anchor="C,T" Size="46,50" Offset="0,-10" Texture="CivilopediaTopButtonsGreatPersons.dds" ToolTip="TXT_KEY_PEDIA_CATEGORY_9_LABEL"/>
				<Button ID="CategoryButton10" Anchor="C,T" Size="46,50" Offset="0,-10" Texture="CivilopediaTopButtonsCivsCityStates.dds" ToolTip="TXT_KEY_PEDIA_CATEGORY_10_LABEL"/>
				<Button ID="CategoryButton11" Anchor="C,T" Size="46,50" Offset="0,-10" Texture="CivilopediaTopButtonsCities.dds" ToolTip="TXT_KEY_PEDIA_CATEGORY_11_LABEL"/>
				<Button ID="CategoryButton12" Anchor="C,T" Size="46,50" Offset="0,-10" Texture="CivilopediaTopButtonsTerrian.dds" ToolTip="TXT_KEY_PEDIA_CATEGORY_12_LABEL"/>
				<Button ID="CategoryButton13" Anchor="C,T" Size="46,50" Offset="0,-10" Texture="CivilopediaTopButtonsResourcesImprovements.dds" ToolTip="TXT_KEY_PEDIA_CATEGORY_13_LABEL"/>
				<Button ID="CategoryButton14" Anchor="C,T" Size="46,50" Offset="0,-10" Texture="CivilopediaTopButtonsImprovements.dds" ToolTip="TXT_KEY_PEDIA_CATEGORY_14_LABEL"/>
				<Button ID="CategoryButton15" Anchor="C,T" Size="46,50" Offset="0,-10" Texture="CivilopediaTopButtonsReligion.dds" ToolTip="TXT_KEY_PEDIA_CATEGORY_15_LABEL"/>
				<Button ID="CategoryButton16" Anchor="C,T" Size="46,50" Offset="0,-10" Texture="CivilopediaTopButtonsWorldCongress.dds" ToolTip="TXT_KEY_PEDIA_CATEGORY_16_LABEL"/>
			</Stack>
			<!-- Selected Button -->
			<Stack Offset="38,-35" Size="64,64" StackGrowth="Right" Padding="1">
				<Image ID="SelectedCategoryTab" Anchor="C,T" Size="46,50" Offset="0,-10" TextureOffset="0,50" Texture="CivilopediaTopButtonsHome.dds"/>
			</Stack>
		</Grid>
		<Image Offset="273,125" Texture="SideRight.dds" Size="13,1500"/>
		<!--Invisible box that everything is anchored to-->
		<Container Anchor="C,T" Size="1000,980" Offset="0,126">
			<!--glowy blue background behind list of articles-->
			<AlphaAnim Size="270,Full" Pause="0" Cycle="Bounce" Speed="1" AlphaStart=".55" AlphaEnd=".75">
				<Grid Size="270,full" Style="GridGlass16"/>
			</AlphaAnim>
			<ScrollPanel ID="ScrollPanel" Size="980,980" Vertical="1">
				<ScrollBar Style="VertSlider" AnchorSide="O,I" Anchor="R,C"/>
				<UpButton Style="ScrollBarUp" AnchorSide="O,I" Anchor="R,T"/>
				<DownButton Style="ScrollBarDown" AnchorSide="O,I" Anchor="R,B"/>
				<!--large (440-wide) content stack-->
				<Stack ID="WideStack" Offset="520,0" StackGrowth="Bottom" Padding="36">
					<!-- Name -->
					<Image ID="TitleID" Size="500,64" Offset="-30,0" Texture="CivilopediaTitle.dds">
						<Label ID="ArticleID" Anchor="C,C" Offset="0,-2" Font="TwCenMT20" FontStyle="SoftShadow" Color0="Beige" Color1="0.0.0.160" String="title goes here"/>
					</Image>
				</Stack>
				<!--Full Page (640-wide) content -->
				<Stack ID="SuperWideStack" Offset="320,0" StackGrowth="Bottom" Padding="36" />
				<!--small (208-wide) content stack-->
				<Stack ID="NarrowStack" Offset="304,0" StackGrowth="Bottom" Padding="36">
					<!-- Portrait -->
					<Image ID="PortraitFrame" Offset="-24,0" Texture="256x256Frame.dds" Size="256,256">
						<Image ID="Portrait" Anchor="C,C" Size="256,256"/>
					</Image>
				</Stack>
			</ScrollPanel>
			<ScrollPanel ID="LeftScrollPanel" Size="275,980" Vertical="1">
				<ScrollBar Style="VertSlider" AnchorSide="O,I" Anchor="R,C"/>
				<UpButton Style="ScrollBarUp" AnchorSide="O,I" Anchor="R,T"/>
				<DownButton Style="ScrollBarDown" AnchorSide="O,I" Anchor="R,B"/>
				<!--list of articles in this category-->
				<Stack ID="ListOfArticles" Offset="7,0" Size="64,64" StackGrowth="Bottom"/>
			</ScrollPanel>
		</Container>
		<!-- Search -->
		<GridButton ID="SearchButton" Anchor="R,T" Offset="36,50" Size="38,38" Style="BaseButton" String="">
			<Image Anchor="C,C" Size="30,30" Texture="Civilopedia_SearchIcon.dds" ToolTip="TXT_KEY_SEARCH_BUTTON"/>
			<Grid Anchor="L,C" AnchorSide="O.I" Offset="8,0" Size="150,32" Style="GridBlackIndent8">
				<Grid Anchor="C,C" Size="154,36" Style="Grid9Frame">
					<!--<Box Anchor="L,C" Offset="8,0" Size="140,24" Color="255,0,0,255" />-->
					<EditBox ID="SearchEditBox" CallOnChar="1" EditMode="1" Anchor="L,C" Offset="10,0" Size="140,24" Font="TwCenMT20" FontStyle="Shadow" Color0="Beige" Color1="0.0.0.160" MaxLength="50"/>
				</Grid>
			</Grid>
		</GridButton>
		<Grid ID="SearchGrid" Anchor="R,T" Offset="36,90" AutoSize="1" Style="Grid9Frame27SquareBlack" Padding="5,5" >
			<ScrollPanel ID="SearchScrollPanel" Anchor="C,C" Size="268,10" Vertical="1">
				<ScrollBar Style="VertSlider" AnchorSide="O,I" Anchor="R,C"/>
				<UpButton Style="ScrollBarUp" AnchorSide="O,I" Anchor="R,T"/>
				<DownButton Style="ScrollBarDown" AnchorSide="O,I" Anchor="R,B"/>
				<Stack ID="SearchResultsStack" Offset="7,0" StackGrowth="Bottom"/>
			</ScrollPanel>
		</Grid>
	</Container>
	<ToolTipType Name="TypeRoundImage">
		<Image ID="ToolTipFrame" Size="222,246" TextureOffset="34,10" Texture="256x256Frame.dds">
			<Grid ID="ToolTipGrid" Offset="0,-5" Size="60,12" Padding="8,8" Style="GridBlack8" Color="White,240">
				<Label ID="ToolTipText" Anchor="C,C" String="words" WrapWidth="400" Font="TwCenMT16"/>
			</Grid>
			<Image ID="ToolTipImage" Anchor="R,B" Size="256,256"/>
		</Image>
	</ToolTipType>
	<Box ID="SearchFoundNothing" Color="Black.200" Size="Full.Full" ConsumeMouseOver="1" Hidden="1">
		<Grid Size="500,360" Anchor="C,C" Padding="0,20" Style="Grid9DetailFive140">
			<!-- Side treatments -->
			<Box Style="MenuLeftSideTreatment"/>
			<Box Style="MenuRightSideTreatment"/>
			<Image Anchor="C,T" AnchorSide="I.O" Offset="0,-14" Size="256,64" Texture="Top512IconTrim.dds">
				<Image Anchor="C,C" Size="80,80" Texture="NotificationFrameBase.dds">
					<AlphaAnim Anchor="C,C" Size="80.80" Texture="NotificationGenericGlow.dds" Pause="0" Cycle="Bounce" Speed="1" AlphaStart="1" AlphaEnd=".5"/>
				</Image>
			</Image>
			<Label ID="SearchNotFoundText" Anchor="C,T" Offset="0,74" WrapWidth="440" String="TXT_KEY_CONFIRM_TXT" Font="TwCenMT22" ColorSet="Beige_Black_Alpha" FontStyle="Shadow"/>
			<Stack ID="ButtonStack" Anchor="C,B" Offset="0,80" Padding="24" StackGrowth="Bottom">
				<!-- Yes Button -->
				<GridButton ID="OK" Style="BaseButton" Size="400,42" Anchor="C,T">
					<Label Anchor="C,C" String="TXT_KEY_OK_BUTTON" ColorSet="Beige_Black" Font="TwCenMT24" FontStyle="Shadow"/>
				</GridButton>
			</Stack>
		</Grid>
	</Box>
</Context>
