<?xml version="1.0" encoding="utf-8"?>
<!-- edited with XMLSPY v2004 rel. 2 U (http://www.xmlspy.com) by Scott Lewis (Firaxis Games) -->
<Context ID="ChooseInternationalTradeRoutePopup" ColorSet="Beige_Black_Alpha" Font="TwCenMT16" FontStyle="Shadow">
	<Container ID="Scrap" Hidden="1"/>

	<Instance Name="ItemInstance">
		<Button ID="Button" Anchor="L,C" Size="418,73" Color="255,255,255,255" StateOffsetIncrement="0,0" ConsumeMouse="1">
			<ShowOnMouseOver>
				<AlphaAnim ID="BounceAnim" Anchor="L,T" Size="418,70" Offset="0,-3" Pause="0" Cycle="Bounce" Speed="1" AlphaStart="2" AlphaEnd="1">
					<Grid ID="BounceGrid" Size="418,70" Style="Grid9FrameTurnsHL"/>
				</AlphaAnim>
			</ShowOnMouseOver>

			<Box ID="Box" Anchor="L,T" Size="418,63" Color="19,32,46,0" />

			<Image Anchor="L,T" Offset="2,0" Texture="IconFrame64.dds" Size="64,64">
				<Image ID="CivIconBG" Size="64.64" Anchor="C,C" Offset="-1,-1" Texture="CivIconBGSizes.dds"/>
				<Image ID="CivIconShadow" Size="48.48" Anchor="C,C" Offset="1,1" Texture="CivSymbolAtlas48.dds" Color="Black.128"/>
				<Image ID="CivIcon" Size="48,48" Anchor="C,C" Texture="CivSymbolsColor512.dds"/>
			</Image>

			<Button ID="GoToCity" Anchor="R,T" Offset="2,2" Size="32,32" Texture="IconFrame32Search.dds" />

			<Label ID="CityName" Anchor="L,T" Offset="70,5" Font="TwCenMT18" ColorSet="Beige_Black_Alpha" FontStyle="Shadow" WrapWidth="420" />
			<Label ID="Bonuses" Anchor="L,T" Offset="70,25" Font="TwCenMT16" ColorSet="Beige_Black_Alpha" FontStyle="Shadow" WrapWidth="420" />
			<Label ID="PrevRoute" Anchor="R,B" Offset="10,10" Font="TwCenMT16" ColorSet="Beige_Black_Alpha" FontStyle="Shadow" WrapWidth="420" String="Previous Route" />

			<Image Anchor="L,B" Offset="-14,0" Texture="BlueBar500x3.dds" Size="432,1"/>

		</Button>
	</Instance>

	<!-- BOTTOM PANEL-->
	<Grid ID="BottomPanel" Size="494,963" Anchor="L,T" Offset="-42,100" Style="Grid9DetailSix140">
		<Container Size="436,100" Offset="42,44">
			<Image Anchor="L,T" Offset="2,0" Texture="IconFrame64.dds" Size="64,64">
				<Image ID="TradeUnitIcon" Size="64,64" Anchor="C,C" Texture="CivSymbolsColor512.dds"/>
			</Image>
			<Label ID="StartingCity" Anchor="L,T" Offset="65,10" Font="TwCenMT20" ColorSet="Beige_Black_Alpha" FontStyle="Shadow" />
			<Label ID="UnitInfo" Anchor="L,T" Offset="67,28" Font="TwCenMT18" ColorSet="Beige_Black_Alpha" FontStyle="Shadow" />
			<Label ID="UnitRange" Anchor="L,T" Offset="67,45" Font="TwCenMT18" ColorSet="Beige_Black_Alpha" FontStyle="Shadow" />

			<GridButton ID="TradeOverviewButton" Anchor="L,T" Style="BaseButton" Size="175,35" Offset="258,36">
				<Label Anchor="C,C" String="TXT_KEY_CHOOSE_TRADE_ROUTE_TRADE_OVERVIEW" Font="TwCenMT20" ColorSet="Beige_Black_Alpha" FontStyle="Shadow"/>
			</GridButton>
		</Container>

		<Image Anchor="L,T" Texture="HorizontalTrim.dds" Offset="42,120" Size="436,5"/>

		<Container Anchor="L,T" Size="436,40" Offset="42,125">
			<PullDown ID="SortByPullDown"  Anchor="C,C" Offset="0,-2" Style="GenericPullDown" ScrollThreshold="110" Size="260,27" AutoSizePopUp="1" SpaceForScroll="1" />
		</Container>

		<Image Anchor="L,T" Texture="HorizontalTrim.dds" Offset="42,160" Size="436,5" />
		<ScrollPanel ID="ItemScrollPanel" Anchor="L,T" Size="436,694" Offset="42,170" Vertical="1" AutoScrollBar="0">
			<!-- Scroll Controls -->
			<ScrollBar Style="VertSlider" Length="760" Offset="0,18" Anchor="L,T" AnchorSide="I,I"/>
			<UpButton Style="ScrollBarUp" Anchor="L,T" AnchorSide="I,I"/>
			<DownButton Style="ScrollBarDown" Anchor="L,B" AnchorSide="I,I"/>
			<Stack ID="ItemStack" Anchor="L,T" Offset="18,0" StackGrowth="Bottom">
				<Button ID="YourCitiesHeader" Anchor="L,T" Size="418,27" Texture="CivilopediaButtons272x27.dds">
				<Label ID="YourCitiesHeaderLabel" Anchor="C,C" Font="TwCenMT20" FontStyle="Shadow" ColorSet="Beige_Black_Alpha" String="TXT_KEY_LEAGUE_OVERVIEW_ACTIVE_RESOLUTIONS"/>
				</Button>
				<Stack ID="YourCitiesStack" Anchor="L,T" StackGrowth="Bottom"/>

				<Button ID="MajorCivsHeader" Anchor="L,T" Size="418,27" Texture="CivilopediaButtons272x27.dds">
					<Label ID="MajorCivsHeaderLabel" Anchor="C,C" Font="TwCenMT20" FontStyle="Shadow" ColorSet="Beige_Black_Alpha" String="TXT_KEY_LEAGUE_OVERVIEW_ACTIVE_RESOLUTIONS"/>
				</Button>
				<Stack ID="MajorCivsStack" Anchor="L,T" StackGrowth="Bottom"/>

				<Button ID="CityStatesHeader" Anchor="L,T" Size="418,27" Texture="CivilopediaButtons272x27.dds">
					<Label ID="CityStatesHeaderLabel" Anchor="C,C" Font="TwCenMT20" FontStyle="Shadow" ColorSet="Beige_Black_Alpha" String="TXT_KEY_LEAGUE_OVERVIEW_ACTIVE_RESOLUTIONS"/>
				</Button>
				<Stack ID="CityStatesStack" Anchor="L,T" StackGrowth="Bottom"/>
			</Stack>
		</ScrollPanel>

		<Image Anchor="L,B" Texture="HorizontalTrim.dds" Offset="42,90" Size="436,5"/>

		<!-- Back Button -->
		<GridButton ID="CloseButton" Anchor="C,B" Style="BaseButton" Size="250,36" Offset="0,48" StateOffsetIncrement="0,0">
			<Label Anchor="C,C" String="TXT_KEY_MODDING_BACK" Font="TwCenMT20" ColorSet="Beige_Black_Alpha" FontStyle="Shadow"/>
		</GridButton>
	</Grid>

	<!-- TOP PANEL-->
	<Image Anchor="L,T" TextureOffset="74,0" Offset="480,30" Texture="assets\UI\Art\WorldView\TopCornerLeft.DDS" Size="180,88"/>

	<Grid Size="530,128" Anchor="L,T" Offset="-42,30" Texture="Grid9DetailFive140.dds" ULSize="5,2" ULTexStart="65,40" UCSize="1,2" UCTexStart="70,40" URSize="74,2" URTexStart="70,40" LSize="5,1" LTexStart="65,70" CSize="1,1" CTexStart="70,70" RSize="74,1" RTexStart="70,70" LLSize="5,50" LLTexStart="65,90" LCSize="1,70" LCTexStart="70,70" LRSize="74,50" LRTexStart="70,90">
		<Image Anchor="L,T" Offset="42,0" Texture="LeftPortraitDecor128.dds" Size="103,89">
	 	<Image Anchor="L,T" Offset="26,12" Texture="UnitAction_EstablishTradeRoute64.dds" Size="64,64"/>
			</Image>
			<Label Anchor="L,T" Offset="150,30" String="TXT_KEY_CHOOSE_INTERNATIONAL_TRADE_ROUTE_TITLE" Font="TwCenMT24" ColorSet="Beige_Black_Alpha" FontStyle="Shadow"/>

		<Image Anchor="L,T" Offset="520,0" Texture="IconFrame64.dds" Size="64.64">
		<Image ID="CivIconBG" Size="64.64" Anchor="C,C" Offset="-1,-1" Texture="CivIconBGSizes.dds"/>
		<Image ID="CivIconShadow" Size="48.48" Anchor="C,C" Offset="1,1" Texture="CivSymbolAtlas48.dds" Color="Black.128"/>
		<Image ID="CivIcon" Size="48,48" Anchor="C,C" Texture="CivSymbolsColor512.dds"/>
		</Image>
	</Grid>
	<Image Anchor="L,B" Offset="446,0" Texture="BottomLeft128x224.dds" Size="128,224"/>

	<!-- Confirmation Popup -->
	<Box ID="ChooseConfirm" Color="Black.200" Size="Full.Full" Hidden="1"  ConsumeMouse="1">
		<Grid Size="500,310" Anchor="C,C" Padding="0,20" Style="Grid9DetailFive140" Hidden="0">
			<!-- Side treatments -->
			<Box Style="MenuLeftSideTreatment"/>
			<Box Style="MenuRightSideTreatment"/>
			<Image Anchor="C,T" AnchorSide="I.O" Offset="0,-14" Size="256,64" Texture="Top512IconTrim.dds">
				<Image Anchor="C,C" Offset="0,-6" Size="80,80" Texture="NotificationFrameBase.dds">
				<AlphaAnim Anchor="C,C" Size="45,45" Texture="UnitAction_EstablishTradeRoute45.dds" Pause="0" Cycle="Bounce" Speed="1" AlphaStart="1" AlphaEnd=".5"/>
				</Image>
			</Image>
			<Label ID="ConfirmText" Anchor="C,T" Offset="0,74" WrapWidth="440" Font="TwCenMT22" ColorSet="Beige_Black_Alpha" FontStyle="Shadow" String="TXT_KEY_CONFIRM_CHOOSE_TRADE_ROUTE"/>
			<Stack ID="ButtonStack" Anchor="C,B" Offset="0,80" Padding="24" StackGrowth="Bottom">
				<!-- Yes Button  -->
				<GridButton ID="ConfirmYes" Style="BaseButton" Size="400,42" Anchor="C,T" Hidden="0">
				<Label Anchor="C,C" String="TXT_KEY_YES_BUTTON" ColorSet="Beige_Black" Font="TwCenMT24" FontStyle="Shadow"/>
				</GridButton>
				<!-- No Button  -->
				<GridButton ID="ConfirmNo" Style="BaseButton" Size="400,42" Anchor="C,T" Hidden="0">
				<Label Anchor="C,C" String="TXT_KEY_NO_BUTTON" ColorSet="Beige_Black" Font="TwCenMT24" FontStyle="Shadow"/>
				</GridButton>
			</Stack>
		</Grid>
	</Box>
</Context>
