<?xml version="1.0" encoding="utf-8"?>
<!-- edited with Notepad++ by bc1 -->
<Context Name="EUI Context" Font="TwCenMT16" FontStyle="Base" ColorSet="Beige_Black" >

	<Container ID="Scrap" Hidden="1"/>

	<ToolTipType Name="EUI_TextTooltip" >
		<Grid ID="Background" Size="60,12" Padding="8,8" Style="GridBlack8" Color="White,240" >
			<Label ID="Text" Anchor="C,C" WrapWidth="400" />
		</Grid>
	</ToolTipType>

	<ToolTipType Name="EUI_CivilizationTooltip" >
		<Grid ID="Grid" Size="530,90" Padding="8,8" Style="GridBlack8"  NoClip="1" >
			<Image ID="MajorCiv" Anchor="L,C" Offset="-40,0" AnchorSide="O.i" Texture="256x256Frame.dds" Size="256,256">
				<Image ID="Portrait" Anchor="C,C" Size="256,256"/>
				<Image ID="Civ" Anchor="R,B" Offset="25,25" Size="80,80" Texture="NotificationFrameBase.dds"  >
					<Image ID="CivIconBG" Size="80,80"/>
					<Image ID="CivIconShadow" Size="64,64" Offset="9,9"/>
					<Image ID="CivIcon" Size="64,64" Offset="8,8"/>
				</Image>
			</Image>
			<Image ID="MinorCiv" Anchor="L,C" Offset="-40,0" AnchorSide="O.i" Texture="TechAchievedFrame.dds" Size="220,220">
				<Image ID="Leader" Anchor="C,C" Size="200,200"/>
			</Image>
			<Label ID="Text" Anchor="C,C" LeadingOffset="-2" WrapWidth="512" />
		</Grid>
	</ToolTipType>

	<ToolTipType Name="EUI_ItemTooltip" >
		<Grid ID="Grid" Size="530,90" Padding="8,8" Style="GridBlack8" NoClip="1" >
			<Image ID="PortraitFrame" Anchor="R,C" Offset="-40,0" AnchorSide="O.i" Size="256,256" Texture="256x256Frame.dds">
				<Image ID="Portrait" Size="256,256"/>
			</Image>
			<Label ID="Text" Offset="12,12" LeadingOffset="-2" WrapWidth="400" />
		</Grid>
	</ToolTipType>

	<!-- Promotion Instances for unit tooltip -->
	<Instance Name="PromotionIcon">
		<Image ID="Image" Size="32,32" Sampler="Linear" />
	</Instance>
	<AlphaAnim ID="UnitTooltipTimer" Speed="1000" Pause="0" Cycle="Once" Stopped="1" />

	<ToolTipType Name="EUI_UnitTooltip" >
		<Grid ID="Grid" Size="300,50" Padding="5,5" Style="GridBlack8" NoClip="1" >
			<Stack Offset="12,12" StackGrowth="Down" Padding="8">
				<Label ID="Text" WrapWidth="500" />
				<Label ID="Details" WrapWidth="500" />
				<Stack ID="PromotionStack" StackGrowth="Right">
					<Stack ID="IconStack" StackGrowth="Right" WrapGrowth="Bottom" WrapPadding="-6" Padding="-6" WrapWidth="260"/>
					<Label ID="PromotionText" Offset="0,10" LeadingOffset="5" />
				</Stack>
			</Stack>
			<Image ID="PortraitFrame" Offset="-40,-40" AnchorSide="O.i" Texture="256x256Frame.dds" Size="256,256" >
				<Image ID="UnitPortrait" Size="256,256" />
				<Image ID="CivIconFrame" Anchor="L,B" Offset="20,20" Size="64,64" Texture="IconFrame64.dds">
					<Image ID="CivIconBG" Size="64,64"/>
					<Image ID="CivIconShadow" Size="48,48" Offset="9,9"/>
					<Image ID="CivIcon" Size="48,48" Offset="8,8"/>
				</Image>
			</Image>
		</Grid>
	</ToolTipType>

	<ToolTipType Name="EUI_CityGrowthTooltip" >
		<Container Size="200,200" >
			<Image Anchor="C,C" Size="256,256" Texture="ProductionPanelBack.dds" >
				<Meter ID="LossMeter" Size="256,256" Texture="ProductionPanelMeter.dds" HasShadow="0" Color="Red,192" />
				<Meter ID="ProgressMeter" Size="256,256" Texture="ProductionPanelMeter.dds" HasShadow="1"  Color="Food" />
				<Line ID="Line1" Start="0,0" Offset="128,128" Color="Food,192"/>
				<Line ID="Line2" Start="0,0" Offset="128,128" Color="Black"/>
				<Image Size="256,256" Texture="256x256Frame.dds"/>
				<Image Size="256,256" Texture="ProductionPanelFrame.dds" Color="White,192"/>
				<Image ID="ItemPortrait" Size="256,256" />
				<Label ID="Text" Anchor="C,C" Color0="White" Color1="Black,200" Font="TwCenMT24" FontStyle="Stroke" />
				<Label ID="Label1" Anchor="C,C" Color0="Green" Color1="Black,200" Font="TwCenMT14" FontStyle="Stroke" />
				<Label ID="Label2" Anchor="C,C" Color0="Green" Color1="Black,200" Font="TwCenMT14" FontStyle="Stroke" />
			</Image>
		</Container>
	</ToolTipType>

	<ToolTipType Name="EUI_CityProductionTooltip" >
		<Grid ID="Grid" Size="530,90" Padding="8,8" Style="GridBlack8" Color="White,240">
			<Image ID="Meters" Size="256,256" AnchorSide="O,I" Anchor="R,T" Offset="-20,0" Texture="ProductionPanelBack.dds" >
				<Meter ID="LossMeter" Size="256,256" Texture="ProductionPanelMeter.dds" HasShadow="0" Color="Red,192" />
				<Meter ID="ProgressMeter" Size="256,256" Texture="ProductionPanelMeter.dds" HasShadow="1" />
				<Line ID="Line1" Start="0,0" Offset="128,128" Color="Production,192" />
				<Line ID="Line2" Start="0,0" Offset="128,128" Color="Black" />
				<Image Size="256,256" Texture="ProductionPanelFrame.dds" />
				<Image ID="ItemPortrait" Size="256,256" />
				<Label ID="Label1" Anchor="C,C" Color0="Production" Color1="Black,200" Font="TwCenMT14" FontStyle="Stroke" />
				<Label ID="Label2" Anchor="C,C" Color0="Production" Color1="Black,200" Font="TwCenMT14" FontStyle="Stroke" />
			</Image>
			<Label ID="Text" Offset="8,8" WrapWidth="333" />
		</Grid>
	</ToolTipType>

	<ToolTipType Name="EUI_ScienceProgressTooltip" >
		<Grid ID="Grid" Size="530,90" Padding="8,8" Style="GridBlack8" Color="White,240">
			<Image ID="Meters" Size="256,256" AnchorSide="O,I" Anchor="R,T" Offset="-20,0" Texture="ProductionPanelBack.dds" >
				<Meter ID="LossMeter" Size="256,256" Texture="ProductionPanelMeter.dds" HasShadow="0" Color="Red,128" />
				<Meter ID="ProgressMeter" Size="256,256" Texture="TechMeter256.dds" HasShadow="1" />
				<Line ID="Line1" Start="0,0" Offset="128,128" Color="Science,192" />
				<Line ID="Line2" Start="0,0" Offset="128,128" Color="Black" />
				<Image Size="256,256" Texture="ProductionPanelFrame.dds" />
				<Image ID="ItemPortrait" Size="256,256" />
				<Label ID="Label1" Anchor="C,C" Color0="Science" Color1="Black,200" Font="TwCenMT14" FontStyle="Stroke" />
				<Label ID="Label2" Anchor="C,C" Color0="Science" Color1="Black,200" Font="TwCenMT14" FontStyle="Stroke" />
			</Image>
			<Label ID="Text" Offset="8,8" WrapWidth="333" />
		</Grid>
	</ToolTipType>

	<ToolTipType Name="EUI_UnitAction">
		<Grid ID="UnitActionMouseover" Size="530,90" Padding="8,8" Style="GridBlack8" NoClip="1">
			<Image ID="UnitActionIcon" AnchorSide="I.O" Offset="-10.-38" Size="64,64" Texture="UnitActions.dds"/>
			<Label ID="UnitActionHotKey" Anchor="R,T" Offset="8,8" Font="TwCenMT20" FontStyle="Shadow" String="(M)"/>
			<Label ID="UnitActionText" Offset="52,10" Font="TwCenMT20" FontStyle="Shadow" String="Button Name"/>
			<Label ID="UnitActionHelp" Offset="12,28" String="description" LeadingOffset="-2" WrapWidth="450"/>
		</Grid>
	</ToolTipType>

</Context>
