<?xml version="1.0" encoding="utf-8"?>
<Highlights>
	<style name="" type="HexContour" width=".2" texture="hex_contour2.dds"/>
	<style name="SampleFilledHex" type="FilledHex" width="1" color="0,0,0,128"/>
	<style name="SampleStaticTexture" type="StaticTexture" texture="static_texture_highlight.dds"/>
	<style name="SampleHexModel" type="HexModel" model="SelectedAniOneTurn.fxsxml"/>
	<style name="EditorHexStyle1" type="HexContour" width=".15" texture="Solid_Contour.dds"/>
	<style name="EditorHexStyle2" type="HexContour" width=".08" texture="Solid_Contour.dds"/>
	<style name="EditorHexStyle3" type="HexContour" width=".03" texture="Solid_Contour.dds"/>
	<style name="TempBorder" type="HexContour" width=".2" texture="hex_contour2.dds"/>
	<style name="GroupBorder" type="SplineBorder" width ="6" texture="spline_border_contour2.dds" color="255,128,0,200"/>
	<style name="ValidFireTargetBorder" type="StaticTexture" texture="static_texture_highlight.dds"/>
	<style name="FireRangeBorder" type="SplineBorder" width="6" texture="spline_border_contour2.dds" color="255,0,0,200"/>
	<style name="MovementRangeBorder" type="SplineBorder" width="4" texture="spline_border_contour2.dds" color="100,185,245,240"/>
	<style name="AMRBorder" type="StaticTexture" texture="static_texture_highlight.dds"/>
	<style name="TradeRoute" type="HexContour" width=".2" texture="hex_contour2.dds"/>
	<style name="GUHB" type="HexContour" width=".2" texture="hex_contour2.dds"/>

	<!-- EUI styles -- HexContour, SplineBorder, HexModel, StaticTexture, FilledHex -->

	<style name="HexContour" type="HexContour" width=".2" texture="hex_contour2.dds" />
	<style name="CityFireRange" type="SplineBorder" width="6" texture="spline_border_contour2.dds" color="255,0,0,200"/>
	<style name="CityBorders" type="SplineBorder" width ="6" texture="spline_border_contour2.dds" color="231,213,0,200"/>
	<style name="CityLimits" type="SplineBorder" width ="4" texture="spline_border_contour2.dds" color="0,0,0,200" />

	<style name="OverlapFill" type="FilledHex" width ="1" color="0,0,255,64" />
	<style name="OverlapOutline" type="SplineBorder" width ="4" texture="hex_contour2.dds" color="0,0,255,200" />

	<style name="OwnedFill" type="FilledHex" width ="1" color="0,140,255,64" />
	<style name="OwnedOutline" type="SplineBorder" width ="4" texture="hex_contour2.dds" color="0,140,255,200" />

	<style name="BuyFill" type="FilledHex" width ="1" color="255,215,0,64" />
	<style name="BuyOutline" type="SplineBorder" width ="4" texture="hex_contour2.dds" color="255,215,0,200" />

</Highlights>
