﻿<?xml version="1.0" encoding="utf-8"?>
<!-- City States Leaders -->
<!-- edited with notepad++ by bc1 -->
<GameData>
	<Language_ru_RU>
		<Replace Tag="TXT_KEY_CSL_NOTICE">
			<Text>Портреты лидеров городов: {1}[NEWLINE]Оригинальный концепт: mihaifx (2010), Nutty (2012)</Text>
		</Replace>
		<Replace Tag="TXT_KEY_CSL_ENABLE">
			<Text>Включить значки лидеров городов</Text>
		</Replace>
		<Replace Tag="TXT_KEY_CSL_ENABLE_TT">
			<Text>Включить значки лидеров городов для отображения в экране диалога с лидером и подсказках[NEWLINE]Оригинальный концепт: mihaifx (2010), Nutty (2012)[NEWLINE]Отключите в случае проблем, или если у вас слабый компьютер</Text>
		</Replace>

		<!--Replace Tag="TXT_KEY_CSL_ICON_MINOR_MINOR_CIV_SHOSHONE"> <Text>shoshone_leadericon.dds</Text> </Replace>
		<Replace Tag="TXT_KEY_CSL_LEADER_MINOR_CIV_SHOSHONE"> <Text>Лидер Покателло</Text> </Replace>
		<Replace Tag="TXT_KEY_CSL_ARTIST_MINOR_MINOR_CIV_SHOSHONE"> <Text>Firaxis</Text> </Replace>

		<Replace Tag="TXT_KEY_CSL_ICON_MINOR_MINOR_CIV_PUEBLO"> <Text>pueblo_leadericon.dds</Text> </Replace>
		<Replace Tag="TXT_KEY_CSL_LEADER_MINOR_CIV_PUEBLO"> <Text>По'пай</Text> </Replace>
		<Replace Tag="TXT_KEY_CSL_ARTIST_MINOR_MINOR_CIV_PUEBLO"> <Text>Firaxis</Text> </Replace>

		<Replace Tag="TXT_KEY_CSL_ICON_MINOR_MINOR_CIV_HAWAII"> <Text>hawaii_leadericon.dds</Text> </Replace>
		<Replace Tag="TXT_KEY_CSL_LEADER_MINOR_CIV_HAWAII"> <Text>Король Камеамеа I "Великий"</Text> </Replace>
		<Replace Tag="TXT_KEY_CSL_ARTIST_MINOR_MINOR_CIV_HAWAII"> <Text>Firaxis</Text> </Replace-->

		<Replace Tag="TXT_KEY_CSL_ICON_MINOR_CIV_ABIDJAN"> <Text>abidjan_leadericon.dds</Text> </Replace>
		<Replace Tag="TXT_KEY_CSL_LEADER_MINOR_CIV_ABIDJAN"> <Text>Президент Феликс Уфуэ-Буаньи</Text> </Replace>
		<Replace Tag="TXT_KEY_CSL_ARTIST_MINOR_CIV_ABIDJAN"> <Text>-</Text> </Replace>

		<Replace Tag="TXT_KEY_CSL_ICON_MINOR_CIV_ABU_DHABI"> <Text>abu_dhabi_leadericon.dds</Text> </Replace>
		<Replace Tag="TXT_KEY_CSL_LEADER_MINOR_CIV_ABU_DHABI"> <Text>Президент Зайд ибн Султан аль-Нахайян</Text> </Replace>
		<Replace Tag="TXT_KEY_CSL_ARTIST_MINOR_CIV_ABU_DHABI"> <Text>-</Text> </Replace>

		<Replace Tag="TXT_KEY_CSL_ICON_MINOR_CIV_AKSUM"> <Text>aksum_leadericon.dds</Text> </Replace>
		<Replace Tag="TXT_KEY_CSL_LEADER_MINOR_CIV_AKSUM"> <Text>Император Хайле Селассие I</Text> </Replace>
		<Replace Tag="TXT_KEY_CSL_ARTIST_MINOR_CIV_AKSUM"> <Text>Firaxis</Text> </Replace>

		<Replace Tag="TXT_KEY_CSL_ICON_MINOR_CIV_ALMATY"> <Text>almaty_leadericon.dds</Text> </Replace>
		<Replace Tag="TXT_KEY_CSL_LEADER_MINOR_CIV_ALMATY"> <Text>Жанибек-хан "Мудрый"</Text> </Replace>
		<Replace Tag="TXT_KEY_CSL_ARTIST_MINOR_CIV_ALMATY"> <Text>knightmare13</Text> </Replace>

		<Replace Tag="TXT_KEY_CSL_ICON_MINOR_CIV_ANTANANARIVO"> <Text>antananarivo_leadericon.dds</Text> </Replace>
		<Replace Tag="TXT_KEY_CSL_LEADER_MINOR_CIV_ANTANANARIVO"> <Text>Королева Ранавалуна I</Text> </Replace>
		<Replace Tag="TXT_KEY_CSL_ARTIST_MINOR_CIV_ANTANANARIVO"> <Text>Nutty</Text> </Replace>

		<Replace Tag="TXT_KEY_CSL_ICON_MINOR_CIV_ANTWERP"> <Text>antwerp_leadericon.dds</Text> </Replace>
		<Replace Tag="TXT_KEY_CSL_LEADER_MINOR_CIV_ANTWERP"> <Text>Граф Роберт III "Лев"</Text> </Replace>
		<Replace Tag="TXT_KEY_CSL_ARTIST_MINOR_CIV_ANTWERP"> <Text>janboruta</Text> </Replace>

		<Replace Tag="TXT_KEY_CSL_ICON_MINOR_CIV_BELGRADE"> <Text>belgrade_leadericon.dds</Text> </Replace>
		<Replace Tag="TXT_KEY_CSL_LEADER_MINOR_CIV_BELGRADE"> <Text>Великий лидер Карагеоргий</Text> </Replace>
		<Replace Tag="TXT_KEY_CSL_ARTIST_MINOR_CIV_BELGRADE"> <Text>janboruta</Text> </Replace>

		<Replace Tag="TXT_KEY_CSL_ICON_MINOR_CIV_BOGOTA"> <Text>bogota_leadericon.dds</Text> </Replace>
		<Replace Tag="TXT_KEY_CSL_LEADER_MINOR_CIV_BOGOTA"> <Text>Президент Симон Боливар</Text> </Replace>
		<Replace Tag="TXT_KEY_CSL_ARTIST_MINOR_CIV_BOGOTA"> <Text>Leugi</Text> </Replace>

		<Replace Tag="TXT_KEY_CSL_ICON_MINOR_CIV_BRATISLAVA"> <Text>bratislava_leadericon.dds</Text> </Replace>
		<Replace Tag="TXT_KEY_CSL_LEADER_MINOR_CIV_BRATISLAVA"> <Text>Король Святополк I "Великий"</Text> </Replace>
		<Replace Tag="TXT_KEY_CSL_ARTIST_MINOR_CIV_BRATISLAVA"> <Text>J. Kohler/Nutty</Text> </Replace>

		<Replace Tag="TXT_KEY_CSL_ICON_MINOR_CIV_BRUSSELS"> <Text>brussels_leadericon.dds</Text> </Replace>
		<Replace Tag="TXT_KEY_CSL_LEADER_MINOR_CIV_BRUSSELS"> <Text>Король Леопольд II</Text> </Replace>
		<Replace Tag="TXT_KEY_CSL_ARTIST_MINOR_CIV_BRUSSELS"> <Text>janboruta</Text> </Replace>

		<Replace Tag="TXT_KEY_CSL_ICON_MINOR_CIV_BUCHAREST"> <Text>bucharest_leadericon.dds</Text> </Replace>
		<Replace Tag="TXT_KEY_CSL_LEADER_MINOR_CIV_BUCHAREST"> <Text>Влад III Цепеш</Text> </Replace>
		<Replace Tag="TXT_KEY_CSL_ARTIST_MINOR_CIV_BUCHAREST"> <Text>janboruta</Text> </Replace>

		<Replace Tag="TXT_KEY_CSL_ICON_MINOR_CIV_BUDAPEST"> <Text>budapest_leadericon.dds</Text> </Replace>
		<Replace Tag="TXT_KEY_CSL_LEADER_MINOR_CIV_BUDAPEST"> <Text>Король Иштван I Святой</Text> </Replace>
		<Replace Tag="TXT_KEY_CSL_ARTIST_MINOR_CIV_BUDAPEST"> <Text>janboruta</Text> </Replace>

		<Replace Tag="TXT_KEY_CSL_ICON_MINOR_CIV_BUENOS_AIRES"> <Text>buenos_aires_leadericon.dds</Text> </Replace>
		<Replace Tag="TXT_KEY_CSL_LEADER_MINOR_CIV_BUENOS_AIRES"> <Text>Эва Перон</Text> </Replace>
		<Replace Tag="TXT_KEY_CSL_ARTIST_MINOR_CIV_BUENOS_AIRES"> <Text>Leugi</Text> </Replace>

		<Replace Tag="TXT_KEY_CSL_ICON_MINOR_CIV_BYBLOS"> <Text>byblos_leadericon.dds</Text> </Replace>
		<Replace Tag="TXT_KEY_CSL_LEADER_MINOR_CIV_BYBLOS"> <Text>Король Ахирам</Text> </Replace>
		<Replace Tag="TXT_KEY_CSL_ARTIST_MINOR_CIV_BYBLOS"> <Text>LastSword</Text> </Replace>

		<Replace Tag="TXT_KEY_CSL_ICON_MINOR_CIV_CAHOKIA"> <Text>cahokia_leadericon.dds</Text> </Replace>
		<Replace Tag="TXT_KEY_CSL_LEADER_MINOR_CIV_CAHOKIA"> <Text>Король Человек-птица</Text> </Replace>
		<Replace Tag="TXT_KEY_CSL_ARTIST_MINOR_CIV_CAHOKIA"> <Text>H. Roe/Nutty</Text> </Replace>

		<Replace Tag="TXT_KEY_CSL_ICON_MINOR_CIV_CAPE_TOWN"> <Text>cape_town_leadericon.dds</Text> </Replace>
		<Replace Tag="TXT_KEY_CSL_LEADER_MINOR_CIV_CAPE_TOWN"> <Text>Командующий Ян ван Рибек</Text> </Replace>
		<Replace Tag="TXT_KEY_CSL_ARTIST_MINOR_CIV_CAPE_TOWN"> <Text>janboruta</Text> </Replace>
		<Replace Tag="TXT_KEY_CSL_ICON_MINOR_CAPE_TOWN"> <Text>cape_town_leadericon.dds</Text> </Replace>
		<Replace Tag="TXT_KEY_CSL_LEADER_MINOR_CAPE_TOWN"> <Text>Командующий Ян ван Рибек</Text> </Replace>
		<Replace Tag="TXT_KEY_CSL_ARTIST_MINOR_CAPE_TOWN"> <Text>janboruta</Text> </Replace>

		<Replace Tag="TXT_KEY_CSL_ICON_MINOR_CIV_CARTHAGE"> <Text>carthage_leadericon.dds</Text> </Replace>
		<Replace Tag="TXT_KEY_CSL_LEADER_MINOR_CIV_CARTHAGE"> <Text>Королева Дидона</Text> </Replace>
		<Replace Tag="TXT_KEY_CSL_ARTIST_MINOR_CIV_CARTHAGE"> <Text>Firaxis</Text> </Replace>

		<Replace Tag="TXT_KEY_CSL_ICON_MINOR_CIV_COLOMBO"> <Text>colombo_leadericon.dds</Text> </Replace>
		<Replace Tag="TXT_KEY_CSL_LEADER_MINOR_CIV_COLOMBO"> <Text>Премьер-министр Дон Стивен Сенанаяке</Text> </Replace>
		<Replace Tag="TXT_KEY_CSL_ARTIST_MINOR_CIV_COLOMBO"> <Text>knightmare13</Text> </Replace>

		<Replace Tag="TXT_KEY_CSL_ICON_MINOR_CIV_COPENHAGEN"> <Text>sydney_leadericon.dds</Text> </Replace>
		<Replace Tag="TXT_KEY_CSL_LEADER_MINOR_CIV_COPENHAGEN"> <Text>Губернатор Артур Филлип</Text> </Replace>
		<Replace Tag="TXT_KEY_CSL_ARTIST_MINOR_CIV_COPENHAGEN"> <Text>TPangolin</Text> </Replace>

		<Replace Tag="TXT_KEY_CSL_ICON_MINOR_CIV_DUBAI"> <Text>dubai_leadericon.dds</Text> </Replace>
		<Replace Tag="TXT_KEY_CSL_LEADER_MINOR_CIV_DUBAI"> <Text>Премьер-министр Мохаммед ибн Рашид Аль Мактум</Text> </Replace>
		<Replace Tag="TXT_KEY_CSL_ARTIST_MINOR_CIV_DUBAI"> <Text>TPangolin</Text> </Replace>

		<Replace Tag="TXT_KEY_CSL_ICON_MINOR_CIV_DUBLIN"> <Text>dublin_leadericon.dds</Text> </Replace>
		<Replace Tag="TXT_KEY_CSL_LEADER_MINOR_CIV_DUBLIN"> <Text>Лорд-мэр Даниел О’Коннелл "Освободитель"</Text> </Replace>
		<Replace Tag="TXT_KEY_CSL_ARTIST_MINOR_CIV_DUBLIN"> <Text>B. Mulrenin/Nutty</Text> </Replace>

		<Replace Tag="TXT_KEY_CSL_ICON_MINOR_CIV_EDINBURGH"> <Text>edinburgh_leadericon.dds</Text> </Replace>
		<Replace Tag="TXT_KEY_CSL_LEADER_MINOR_CIV_EDINBURGH"> <Text>Король Яков I (VI)</Text> </Replace>
		<Replace Tag="TXT_KEY_CSL_ARTIST_MINOR_CIV_EDINBURGH"> <Text>LastSword</Text> </Replace>

		<Replace Tag="TXT_KEY_CSL_ICON_MINOR_CIV_FLORENCE"> <Text>florence_leadericon.dds</Text> </Replace>
		<Replace Tag="TXT_KEY_CSL_LEADER_MINOR_CIV_FLORENCE"> <Text>Лоре́нцо ди Пьеро де Ме́дичи «Великоле́пный»</Text> </Replace>
		<Replace Tag="TXT_KEY_CSL_ARTIST_MINOR_CIV_FLORENCE"> <Text>sukritact</Text> </Replace>

		<Replace Tag="TXT_KEY_CSL_ICON_MINOR_CIV_GENEVA"> <Text>geneva_leadericon.dds</Text> </Replace>
		<Replace Tag="TXT_KEY_CSL_LEADER_MINOR_CIV_GENEVA"> <Text>Пастор Жан Кальви́н</Text> </Replace>
		<Replace Tag="TXT_KEY_CSL_ARTIST_MINOR_CIV_GENEVA"> <Text>janboruta</Text> </Replace>

		<Replace Tag="TXT_KEY_CSL_ICON_MINOR_CIV_GENOA"> <Text>genoa_leadericon.dds</Text> </Replace>
		<Replace Tag="TXT_KEY_CSL_LEADER_MINOR_CIV_GENOA"> <Text>Кондотьер Андреа Дориа</Text> </Replace>
		<Replace Tag="TXT_KEY_CSL_ARTIST_MINOR_CIV_GENOA"> <Text>janboruta</Text> </Replace>

		<Replace Tag="TXT_KEY_CSL_ICON_MINOR_CIV_HANOI"> <Text>hanoi_leadericon.dds</Text> </Replace>
		<Replace Tag="TXT_KEY_CSL_LEADER_MINOR_CIV_HANOI"> <Text>Император Ли Тхай-то "Почитаемый"</Text> </Replace>
		<Replace Tag="TXT_KEY_CSL_ARTIST_MINOR_CIV_HANOI"> <Text>davey_henninger</Text> </Replace>

		<Replace Tag="TXT_KEY_CSL_ICON_MINOR_CIV_HELSINKI"> <Text>helsinki_leadericon.dds</Text> </Replace>
		<Replace Tag="TXT_KEY_CSL_LEADER_MINOR_CIV_HELSINKI"> <Text>Президент Густав Маннергейм</Text> </Replace>
		<Replace Tag="TXT_KEY_CSL_ARTIST_MINOR_CIV_HELSINKI"> <Text>Hypereon</Text> </Replace>

		<Replace Tag="TXT_KEY_CSL_ICON_MINOR_CIV_HONG_KONG"> <Text>hong_kong_leadericon.dds</Text> </Replace>
		<Replace Tag="TXT_KEY_CSL_LEADER_MINOR_CIV_HONG_KONG"> <Text>Сэр Кай Хо</Text> </Replace>
		<Replace Tag="TXT_KEY_CSL_ARTIST_MINOR_CIV_HONG_KONG"> <Text>TPangolin</Text> </Replace>

		<Replace Tag="TXT_KEY_CSL_ICON_MINOR_CIV_IFE"> <Text>ife_leadericon.dds</Text> </Replace>
		<Replace Tag="TXT_KEY_CSL_LEADER_MINOR_CIV_IFE"> <Text>Оони Акинмойеро</Text> </Replace>
		<Replace Tag="TXT_KEY_CSL_ARTIST_MINOR_CIV_IFE"> <Text>janboruta</Text> </Replace>

		<Replace Tag="TXT_KEY_CSL_ICON_MINOR_CIV_INCA"> <Text>inca_leadericon.dds</Text> </Replace>
		<Replace Tag="TXT_KEY_CSL_LEADER_MINOR_CIV_INCA"> <Text>Император Пачакутек Юпанки</Text> </Replace>
		<Replace Tag="TXT_KEY_CSL_ARTIST_MINOR_CIV_INCA"> <Text>Firaxis</Text> </Replace>

		<Replace Tag="TXT_KEY_CSL_ICON_MINOR_CIV_JAKARTA"> <Text>jakarta_leadericon.dds</Text> </Replace>
		<Replace Tag="TXT_KEY_CSL_LEADER_MINOR_CIV_JAKARTA"> <Text>Премьер-министр Гаджа Мада</Text> </Replace>
		<Replace Tag="TXT_KEY_CSL_ARTIST_MINOR_CIV_JAKARTA"> <Text>Firaxis</Text> </Replace>

		<Replace Tag="TXT_KEY_CSL_ICON_MINOR_CIV_JERUSALEM"> <Text>jerusalem_leadericon.dds</Text> </Replace>
		<Replace Tag="TXT_KEY_CSL_LEADER_MINOR_CIV_JERUSALEM"> <Text>Царь Соломон "Мудрый"</Text> </Replace>
		<Replace Tag="TXT_KEY_CSL_ARTIST_MINOR_CIV_JERUSALEM"> <Text>Leugi</Text> </Replace>

		<Replace Tag="TXT_KEY_CSL_ICON_MINOR_CIV_KABUL"> <Text>kabul_leadericon.dds</Text> </Replace>
		<Replace Tag="TXT_KEY_CSL_LEADER_MINOR_CIV_KABUL"> <Text>Эмир Ахмад-шах Дуррани</Text> </Replace>
		<Replace Tag="TXT_KEY_CSL_ARTIST_MINOR_CIV_KABUL"> <Text>LastSword</Text> </Replace>

		<Replace Tag="TXT_KEY_CSL_ICON_MINOR_CIV_KATHMANDU"> <Text>kathmandu_leadericon.dds</Text> </Replace>
		<Replace Tag="TXT_KEY_CSL_LEADER_MINOR_CIV_KATHMANDU"> <Text>Король Трибхуван</Text> </Replace>
		<Replace Tag="TXT_KEY_CSL_ARTIST_MINOR_CIV_KATHMANDU"> <Text>Leugi</Text> </Replace>

		<Replace Tag="TXT_KEY_CSL_ICON_MINOR_CIV_KIEV"> <Text>kiev_leadericon.dds</Text> </Replace>
		<Replace Tag="TXT_KEY_CSL_LEADER_MINOR_CIV_KIEV"> <Text>Великий князь Ярослав Мудрый</Text> </Replace>
		<Replace Tag="TXT_KEY_CSL_ARTIST_MINOR_CIV_KIEV"> <Text>janboruta</Text> </Replace>

		<Replace Tag="TXT_KEY_CSL_ICON_MINOR_CIV_KUALA_LUMPUR"> <Text>kuala_lumpur_leadericon.dds</Text> </Replace>
		<Replace Tag="TXT_KEY_CSL_LEADER_MINOR_CIV_KUALA_LUMPUR"> <Text>Капитан Яп Ах Лой</Text> </Replace>
		<Replace Tag="TXT_KEY_CSL_ARTIST_MINOR_CIV_KUALA_LUMPUR"> <Text>TPangolin</Text> </Replace>

		<Replace Tag="TXT_KEY_CSL_ICON_MINOR_CIV_KYZYL"> <Text>kyzyl_leadericon.dds</Text> </Replace>
		<Replace Tag="TXT_KEY_CSL_LEADER_MINOR_CIV_KYZYL"> <Text>Председатель Хертек Амырбитовна Анчимаа-Тока</Text> </Replace>
		<Replace Tag="TXT_KEY_CSL_ARTIST_MINOR_CIV_KYZYL"> <Text>Nutty</Text> </Replace>

		<Replace Tag="TXT_KEY_CSL_ICON_MINOR_CIV_LA_VENTA"> <Text>la_venta_leadericon.dds</Text> </Replace>
		<Replace Tag="TXT_KEY_CSL_LEADER_MINOR_CIV_LA_VENTA"> <Text>Ку По Нгбе</Text> </Replace>
		<Replace Tag="TXT_KEY_CSL_ARTIST_MINOR_CIV_LA_VENTA"> <Text>LastSword</Text> </Replace>

		<Replace Tag="TXT_KEY_CSL_ICON_MINOR_CIV_LHASA"> <Text>lhasa_leadericon.dds</Text> </Replace>
		<Replace Tag="TXT_KEY_CSL_LEADER_MINOR_CIV_LHASA"> <Text>Далай-лама XIII Тхуптэн Гьямцхо</Text> </Replace>
		<Replace Tag="TXT_KEY_CSL_ARTIST_MINOR_CIV_LHASA"> <Text>sukritact</Text> </Replace>

		<Replace Tag="TXT_KEY_CSL_ICON_MINOR_CIV_LISBON"> <Text>lisbon_leadericon.dds</Text> </Replace>
		<Replace Tag="TXT_KEY_CSL_LEADER_MINOR_CIV_LISBON"> <Text>Королева Мари́я I Тюдо́р "Кровавая Мэри"</Text> </Replace>
		<Replace Tag="TXT_KEY_CSL_ARTIST_MINOR_CIV_LISBON"> <Text>Firaxis</Text> </Replace>

		<Replace Tag="TXT_KEY_CSL_ICON_MINOR_CIV_MADRID"> <Text>madrid_leadericon.dds</Text> </Replace>
		<Replace Tag="TXT_KEY_CSL_LEADER_MINOR_CIV_MADRID"> <Text>Королева Изабелла I</Text> </Replace>
		<Replace Tag="TXT_KEY_CSL_ARTIST_MINOR_CIV_MADRID"> <Text>Firaxis</Text> </Replace>

		<Replace Tag="TXT_KEY_CSL_ICON_MINOR_CIV_MALACCA"> <Text>malacca_leadericon.dds</Text> </Replace>
		<Replace Tag="TXT_KEY_CSL_LEADER_MINOR_CIV_MALACCA"> <Text>Султан Абдул Халим Муадзам Шах</Text> </Replace>
		<Replace Tag="TXT_KEY_CSL_ARTIST_MINOR_CIV_MALACCA"> <Text>Nutty</Text> </Replace>

		<Replace Tag="TXT_KEY_CSL_ICON_MINOR_CIV_MANILA"> <Text>manila_leadericon.dds</Text> </Replace>
		<Replace Tag="TXT_KEY_CSL_LEADER_MINOR_CIV_MANILA"> <Text>Хосе Рисаль</Text> </Replace>
		<Replace Tag="TXT_KEY_CSL_ARTIST_MINOR_CIV_MANILA"> <Text>knightmare13</Text> </Replace>

		<Replace Tag="TXT_KEY_CSL_ICON_MINOR_CIV_MARRAKECH"> <Text>marrakech_leadericon.dds</Text> </Replace>
		<Replace Tag="TXT_KEY_CSL_LEADER_MINOR_CIV_MARRAKECH"> <Text>Султан Ахмад аль-Мансур "Золотой"</Text> </Replace>
		<Replace Tag="TXT_KEY_CSL_ARTIST_MINOR_CIV_MARRAKECH"> <Text>Firaxis</Text> </Replace>

		<Replace Tag="TXT_KEY_CSL_ICON_MINOR_CIV_RABAT"> <Text>marrakech_leadericon.dds</Text> </Replace>
		<Replace Tag="TXT_KEY_CSL_LEADER_MINOR_CIV_RABAT"> <Text>Султан Ахмад аль-Мансур "Золотой"</Text> </Replace>
		<Replace Tag="TXT_KEY_CSL_ARTIST_MINOR_CIV_RABAT"> <Text>Firaxis</Text> </Replace>

		<Replace Tag="TXT_KEY_CSL_ICON_MINOR_CIV_MAYA"> <Text>maya_leadericon.dds</Text> </Replace>
		<Replace Tag="TXT_KEY_CSL_LEADER_MINOR_CIV_MAYA"> <Text>Правитель Пакаль "Великий"</Text> </Replace>
		<Replace Tag="TXT_KEY_CSL_ARTIST_MINOR_CIV_MAYA"> <Text>Firaxis</Text> </Replace>

		<Replace Tag="TXT_KEY_CSL_ICON_MINOR_CIV_TIKAL"> <Text>maya_leadericon.dds</Text> </Replace>
		<Replace Tag="TXT_KEY_CSL_LEADER_MINOR_CIV_TIKAL"> <Text>Правитель Пакаль "Великий"</Text> </Replace>
		<Replace Tag="TXT_KEY_CSL_ARTIST_MINOR_CIV_TIKAL"> <Text>Firaxis</Text> </Replace>

		<Replace Tag="TXT_KEY_CSL_ICON_MINOR_CIV_MBANZA_KONGO"> <Text>mbanza_kongo_leadericon.dds</Text> </Replace>
		<Replace Tag="TXT_KEY_CSL_LEADER_MINOR_CIV_MBANZA_KONGO"> <Text>Королева Зинга Мбанди Нгола</Text> </Replace>
		<Replace Tag="TXT_KEY_CSL_ARTIST_MINOR_CIV_MBANZA_KONGO"> <Text>Leugi</Text> </Replace>

		<Replace Tag="TXT_KEY_CSL_ICON_MINOR_CIV_MELBOURNE"> <Text>melbourne_leadericon.dds</Text> </Replace>
		<Replace Tag="TXT_KEY_CSL_LEADER_MINOR_CIV_MELBOURNE"> <Text>Джон Бэтман</Text> </Replace>
		<Replace Tag="TXT_KEY_CSL_ARTIST_MINOR_CIV_MELBOURNE"> <Text>TPangolin</Text> </Replace>

		<Replace Tag="TXT_KEY_CSL_ICON_MINOR_CIV_MILAN"> <Text>milan_leadericon.dds</Text> </Replace>
		<Replace Tag="TXT_KEY_CSL_LEADER_MINOR_CIV_MILAN"> <Text>Герцог Джан Галеаццо Висконти</Text> </Replace>
		<Replace Tag="TXT_KEY_CSL_ARTIST_MINOR_CIV_MILAN"> <Text>janboruta</Text> </Replace>

		<Replace Tag="TXT_KEY_CSL_ICON_MINOR_CIV_MOGADISHU"> <Text>mogadishu_leadericon.dds</Text> </Replace>
		<Replace Tag="TXT_KEY_CSL_LEADER_MINOR_CIV_MOGADISHU"> <Text>Президент Аден Абдулла Осман Даар</Text> </Replace>
		<Replace Tag="TXT_KEY_CSL_ARTIST_MINOR_CIV_MOGADISHU"> <Text>TPangolin</Text> </Replace>

		<Replace Tag="TXT_KEY_CSL_ICON_MINOR_CIV_MOMBASA"> <Text>mombasa_leadericon.dds</Text> </Replace>
		<Replace Tag="TXT_KEY_CSL_LEADER_MINOR_CIV_MOMBASA"> <Text>Президент Джомо Кениата</Text> </Replace>
		<Replace Tag="TXT_KEY_CSL_ARTIST_MINOR_CIV_MOMBASA"> <Text>knightmare13</Text> </Replace>

		<Replace Tag="TXT_KEY_CSL_ICON_MINOR_CIV_MONACO"> <Text>monaco_leadericon.dds</Text> </Replace>
		<Replace Tag="TXT_KEY_CSL_LEADER_MINOR_CIV_MONACO"> <Text>Князь Ренье III</Text> </Replace>
		<Replace Tag="TXT_KEY_CSL_ARTIST_MINOR_CIV_MONACO"> <Text>knightmare13</Text> </Replace>

		<Replace Tag="TXT_KEY_CSL_ICON_MINOR_CIV_ORMUS"> <Text>ormus_leadericon.dds</Text> </Replace>
		<Replace Tag="TXT_KEY_CSL_LEADER_MINOR_CIV_ORMUS"> <Text>Султан Кабус бен Саид</Text> </Replace>
		<Replace Tag="TXT_KEY_CSL_ARTIST_MINOR_CIV_ORMUS"> <Text>knightmare13</Text> </Replace>

		<Replace Tag="TXT_KEY_CSL_ICON_MINOR_CIV_OSLO"> <Text>quebec_city_leadericon.dds</Text> </Replace>
		<Replace Tag="TXT_KEY_CSL_LEADER_MINOR_CIV_OSLO"> <Text>Премьер-министр Джон Александр Макдональд</Text> </Replace>
		<Replace Tag="TXT_KEY_CSL_ARTIST_MINOR_CIV_OSLO"> <Text>davey_henninger</Text> </Replace>

		<Replace Tag="TXT_KEY_CSL_ICON_MINOR_CIV_PANAMA_CITY"> <Text>panama_city_leadericon.dds</Text> </Replace>
		<Replace Tag="TXT_KEY_CSL_LEADER_MINOR_CIV_PANAMA_CITY"> <Text>Генерал Викториано Лоренсо</Text> </Replace>
		<Replace Tag="TXT_KEY_CSL_ARTIST_MINOR_CIV_PANAMA_CITY"> <Text>Leugi</Text> </Replace>

		<Replace Tag="TXT_KEY_CSL_ICON_MINOR_CIV_PRAGUE"> <Text>prague_leadericon.dds</Text> </Replace>
		<Replace Tag="TXT_KEY_CSL_LEADER_MINOR_CIV_PRAGUE"> <Text>Король Вацлав II</Text> </Replace>
		<Replace Tag="TXT_KEY_CSL_ARTIST_MINOR_CIV_PRAGUE"> <Text>janboruta</Text> </Replace>

		<Replace Tag="TXT_KEY_CSL_ICON_MINOR_CIV_QUEBEC_CITY"> <Text>quebec_city_leadericon.dds</Text> </Replace>
		<Replace Tag="TXT_KEY_CSL_LEADER_MINOR_CIV_QUEBEC_CITY"> <Text>Премьер-министр Джон Александр Макдональд</Text> </Replace>
		<Replace Tag="TXT_KEY_CSL_ARTIST_MINOR_CIV_QUEBEC_CITY"> <Text>davey_henninger</Text> </Replace>

		<Replace Tag="TXT_KEY_CSL_ICON_MINOR_CIV_RAGUSA"> <Text>ragusa_leadericon.dds</Text> </Replace>
		<Replace Tag="TXT_KEY_CSL_LEADER_MINOR_CIV_RAGUSA"> <Text>Герцог Огюст Фредерик Луи Мармон</Text> </Replace>
		<Replace Tag="TXT_KEY_CSL_ARTIST_MINOR_CIV_RAGUSA"> <Text>Nutty</Text> </Replace>

		<Replace Tag="TXT_KEY_CSL_ICON_MINOR_CIV_RIGA"> <Text>riga_leadericon.dds</Text> </Replace>
		<Replace Tag="TXT_KEY_CSL_LEADER_MINOR_CIV_RIGA"> <Text>Президент Янис Чаксте</Text> </Replace>
		<Replace Tag="TXT_KEY_CSL_ARTIST_MINOR_CIV_RIGA"> <Text>TPangolin</Text> </Replace>

		<Replace Tag="TXT_KEY_CSL_ICON_MINOR_CIV_RIO_DE_JANEIRO"> <Text>rio_de_janeiro_leadericon.dds</Text> </Replace>
		<Replace Tag="TXT_KEY_CSL_LEADER_MINOR_CIV_RIO_DE_JANEIRO"> <Text>Император Педру II "Великодушный"</Text> </Replace>
		<Replace Tag="TXT_KEY_CSL_ARTIST_MINOR_CIV_RIO_DE_JANEIRO"> <Text>Firaxis</Text> </Replace>

		<Replace Tag="TXT_KEY_CSL_ICON_MINOR_CIV_ROTTERDAM"> <Text>rotterdam_leadericon.dds</Text> </Replace>
		<Replace Tag="TXT_KEY_CSL_LEADER_MINOR_CIV_ROTTERDAM"> <Text>Принц Виллем I</Text> </Replace>
		<Replace Tag="TXT_KEY_CSL_ARTIST_MINOR_CIV_ROTTERDAM"> <Text>Firaxis</Text> </Replace>

		<Replace Tag="TXT_KEY_CSL_ICON_MINOR_CIV_SAMARKAND"> <Text>samarkand_leadericon.dds</Text> </Replace>
		<Replace Tag="TXT_KEY_CSL_LEADER_MINOR_CIV_SAMARKAND"> <Text>Эмир Тимур "Тамерлан"</Text> </Replace>
		<Replace Tag="TXT_KEY_CSL_ARTIST_MINOR_CIV_SAMARKAND"> <Text>M. Gerasimov/LastSword</Text> </Replace>

		<Replace Tag="TXT_KEY_CSL_ICON_MINOR_CIV_SEOUL"> <Text>kathmandu_leadericon.dds</Text> </Replace>
		<Replace Tag="TXT_KEY_CSL_LEADER_MINOR_CIV_SEOUL"> <Text>Король Трибхуван</Text> </Replace>
		<Replace Tag="TXT_KEY_CSL_ARTIST_MINOR_CIV_SEOUL"> <Text>Leugi</Text> </Replace>

		<Replace Tag="TXT_KEY_CSL_ICON_MINOR_CIV_SIDON"> <Text>sidon_leadericon.dds</Text> </Replace>
		<Replace Tag="TXT_KEY_CSL_LEADER_MINOR_CIV_SIDON"> <Text>Царь Эшмуназор II</Text> </Replace>
		<Replace Tag="TXT_KEY_CSL_ARTIST_MINOR_CIV_SIDON"> <Text>Leugi</Text> </Replace>
		<Replace Tag="TXT_KEY_CSL_ICON_MINOR_SIDON"> <Text>sidon_leadericon.dds</Text> </Replace>
		<Replace Tag="TXT_KEY_CSL_LEADER_MINOR_SIDON"> <Text>Царь Эшмуназор II</Text> </Replace>
		<Replace Tag="TXT_KEY_CSL_ARTIST_MINOR_SIDON"> <Text>Leugi</Text> </Replace>

		<Replace Tag="TXT_KEY_CSL_ICON_MINOR_CIV_SINGAPORE"> <Text>singapore_leadericon.dds</Text> </Replace>
		<Replace Tag="TXT_KEY_CSL_LEADER_MINOR_CIV_SINGAPORE"> <Text>Премьер-министр Ли Куан Ю</Text> </Replace>
		<Replace Tag="TXT_KEY_CSL_ARTIST_MINOR_CIV_SINGAPORE"> <Text>TPangolin</Text> </Replace>

		<Replace Tag="TXT_KEY_CSL_ICON_MINOR_MINOR_CIV_SIOUX"> <Text>sioux_leadericon.dds</Text> </Replace>
		<Replace Tag="TXT_KEY_CSL_LEADER_MINOR_CIV_SIOUX"> <Text>Вождь Сидящий Бык</Text> </Replace>
		<Replace Tag="TXT_KEY_CSL_ARTIST_MINOR_MINOR_CIV_SIOUX"> <Text>Firaxis</Text> </Replace>

		<Replace Tag="TXT_KEY_CSL_ICON_MINOR_CIV_SOFIA"> <Text>sofia_leadericon.dds</Text> </Replace>
		<Replace Tag="TXT_KEY_CSL_LEADER_MINOR_CIV_SOFIA"> <Text>Царь Симеон I "Великий"</Text> </Replace>
		<Replace Tag="TXT_KEY_CSL_ARTIST_MINOR_CIV_SOFIA"> <Text>D. Giudjenov/Nutty</Text> </Replace>

		<Replace Tag="TXT_KEY_CSL_ICON_MINOR_CIV_STOCKHOLM"> <Text>stockholm_leadericon.dds</Text> </Replace>
		<Replace Tag="TXT_KEY_CSL_LEADER_MINOR_CIV_STOCKHOLM"> <Text>Король Густав II Адольф "Лев Севера"</Text> </Replace>
		<Replace Tag="TXT_KEY_CSL_ARTIST_MINOR_CIV_STOCKHOLM"> <Text>Firaxis</Text> </Replace>

		<Replace Tag="TXT_KEY_CSL_ICON_MINOR_CIV_SYDNEY"> <Text>sydney_leadericon.dds</Text> </Replace>
		<Replace Tag="TXT_KEY_CSL_LEADER_MINOR_CIV_SYDNEY"> <Text>Губернатор Артур Филлип</Text> </Replace>
		<Replace Tag="TXT_KEY_CSL_ARTIST_MINOR_CIV_SYDNEY"> <Text>TPangolin</Text> </Replace>

		<Replace Tag="TXT_KEY_CSL_ICON_MINOR_CIV_TAIPEI"> <Text>taipei_leadericon.dds</Text> </Replace>
		<Replace Tag="TXT_KEY_CSL_LEADER_MINOR_CIV_TAIPEI"> <Text>Президент Чан Кайши</Text> </Replace>
		<Replace Tag="TXT_KEY_CSL_ARTIST_MINOR_CIV_TAIPEI"> <Text>-</Text> </Replace>

		<Replace Tag="TXT_KEY_CSL_ICON_MINOR_CIV_TYRE"> <Text>tyre_leadericon.dds</Text> </Replace>
		<Replace Tag="TXT_KEY_CSL_LEADER_MINOR_CIV_TYRE"> <Text>Царь Хирам I Великий̆</Text> </Replace>
		<Replace Tag="TXT_KEY_CSL_ARTIST_MINOR_CIV_TYRE"> <Text>LastSword</Text> </Replace>
		<Replace Tag="TXT_KEY_CSL_ICON_MINOR_TYRE"> <Text>tyre_leadericon.dds</Text> </Replace>
		<Replace Tag="TXT_KEY_CSL_LEADER_MINOR_TYRE"> <Text>Царь Хирам I Великий</Text> </Replace>
		<Replace Tag="TXT_KEY_CSL_ARTIST_MINOR_TYRE"> <Text>LastSword</Text> </Replace>

		<Replace Tag="TXT_KEY_CSL_ICON_MINOR_CIV_ULUNDI"> <Text>ulundi_leadericon.dds</Text> </Replace>
		<Replace Tag="TXT_KEY_CSL_LEADER_MINOR_CIV_ULUNDI"> <Text>Король Чака</Text> </Replace>
		<Replace Tag="TXT_KEY_CSL_ARTIST_MINOR_CIV_ULUNDI"> <Text>Firaxis</Text> </Replace>

		<Replace Tag="TXT_KEY_CSL_ICON_MINOR_CIV_UR"> <Text>ur_leadericon.dds</Text> </Replace>
		<Replace Tag="TXT_KEY_CSL_LEADER_MINOR_CIV_UR"> <Text>Король Эанатум</Text> </Replace>
		<Replace Tag="TXT_KEY_CSL_ARTIST_MINOR_CIV_UR"> <Text>janboruta</Text> </Replace>

		<Replace Tag="TXT_KEY_CSL_ICON_MINOR_CIV_VALLETTA"> <Text>valletta_leadericon.dds</Text> </Replace>
		<Replace Tag="TXT_KEY_CSL_LEADER_MINOR_CIV_VALLETTA"> <Text>Гроссмейстер Жан де Ласкарис-Кастеллар</Text> </Replace>
		<Replace Tag="TXT_KEY_CSL_ARTIST_MINOR_CIV_VALLETTA"> <Text>TPangolin</Text> </Replace>

		<Replace Tag="TXT_KEY_CSL_ICON_MINOR_CIV_VANCOUVER"> <Text>vancouver_leadericon.dds</Text> </Replace>
		<Replace Tag="TXT_KEY_CSL_LEADER_MINOR_CIV_VANCOUVER"> <Text>Премьер-министр Уильям Лайон Макензи Кинг</Text> </Replace>
		<Replace Tag="TXT_KEY_CSL_ARTIST_MINOR_CIV_VANCOUVER"> <Text>TPangolin</Text> </Replace>

		<Replace Tag="TXT_KEY_CSL_ICON_MINOR_CIV_VATICAN_CITY"> <Text>vatican_city_leadericon.dds</Text> </Replace>
		<Replace Tag="TXT_KEY_CSL_LEADER_MINOR_CIV_VATICAN_CITY"> <Text>Папа Пий IX "Благословенный"</Text> </Replace>
		<Replace Tag="TXT_KEY_CSL_ARTIST_MINOR_CIV_VATICAN_CITY"> <Text>janboruta</Text> </Replace>

		<Replace Tag="TXT_KEY_CSL_ICON_MINOR_CIV_VENICE"> <Text>venice_leadericon.dds</Text> </Replace>
		<Replace Tag="TXT_KEY_CSL_LEADER_MINOR_CIV_VENICE"> <Text>Дож Энрико Дандоло</Text> </Replace>
		<Replace Tag="TXT_KEY_CSL_ARTIST_MINOR_CIV_VENICE"> <Text>Firaxis</Text> </Replace>

		<Replace Tag="TXT_KEY_CSL_ICON_MINOR_CIV_VIENNA"> <Text>vienna_leadericon.dds</Text> </Replace>
		<Replace Tag="TXT_KEY_CSL_LEADER_MINOR_CIV_VIENNA"> <Text>Императрица Мария Терезия</Text> </Replace>
		<Replace Tag="TXT_KEY_CSL_ARTIST_MINOR_CIV_VIENNA"> <Text>Firaxis</Text> </Replace>

		<Replace Tag="TXT_KEY_CSL_ICON_MINOR_CIV_VILNIUS"> <Text>vilnius_leadericon.dds</Text> </Replace>
		<Replace Tag="TXT_KEY_CSL_LEADER_MINOR_CIV_VILNIUS"> <Text>Великий князь Гедимин</Text> </Replace>
		<Replace Tag="TXT_KEY_CSL_ARTIST_MINOR_CIV_VILNIUS"> <Text>LastSword</Text> </Replace>

		<Replace Tag="TXT_KEY_CSL_ICON_MINOR_CIV_WARSAW"> <Text>warsaw_leadericon.dds</Text> </Replace>
		<Replace Tag="TXT_KEY_CSL_LEADER_MINOR_CIV_WARSAW"> <Text>Король Казимир III "Великий"</Text> </Replace>
		<Replace Tag="TXT_KEY_CSL_ARTIST_MINOR_CIV_WARSAW"> <Text>Firaxis</Text> </Replace>

		<Replace Tag="TXT_KEY_CSL_ICON_MINOR_CIV_WELLINGTON"> <Text>wellington_leadericon.dds</Text> </Replace>
		<Replace Tag="TXT_KEY_CSL_LEADER_MINOR_CIV_WELLINGTON"> <Text>Премьер-министр Ричард Седдон "Король Дик"</Text> </Replace>
		<Replace Tag="TXT_KEY_CSL_ARTIST_MINOR_CIV_WELLINGTON"> <Text>TPangolin</Text> </Replace>

		<Replace Tag="TXT_KEY_CSL_ICON_MINOR_CIV_WITTENBERG"> <Text>wittenberg_leadericon.dds</Text> </Replace>
		<Replace Tag="TXT_KEY_CSL_LEADER_MINOR_CIV_WITTENBERG"> <Text>Король Фридрих III</Text> </Replace>
		<Replace Tag="TXT_KEY_CSL_ARTIST_MINOR_CIV_WITTENBERG"> <Text>janboruta</Text> </Replace>

		<Replace Tag="TXT_KEY_CSL_ICON_MINOR_CIV_YEREVAN"> <Text>yerevan_leadericon.dds</Text> </Replace>
		<Replace Tag="TXT_KEY_CSL_LEADER_MINOR_CIV_YEREVAN"> <Text>Wfhm Тигран II "Великий"</Text> </Replace>
		<Replace Tag="TXT_KEY_CSL_ARTIST_MINOR_CIV_YEREVAN"> <Text>Leugi</Text> </Replace>

		<Replace Tag="TXT_KEY_CSL_ICON_MINOR_CIV_ZANZIBAR"> <Text>zanzibar_leadericon.dds</Text> </Replace>
		<Replace Tag="TXT_KEY_CSL_LEADER_MINOR_CIV_ZANZIBAR"> <Text>Султан Маджид ибн Саид</Text> </Replace>
		<Replace Tag="TXT_KEY_CSL_ARTIST_MINOR_CIV_ZANZIBAR"> <Text>sukritact</Text> </Replace>

		<Replace Tag="TXT_KEY_CSL_ICON_MINOR_CIV_ZURICH"> <Text>zurich_leadericon.dds</Text> </Replace>
		<Replace Tag="TXT_KEY_CSL_LEADER_MINOR_CIV_ZURICH"> <Text>Генерал Гийом-Анри Дюфур</Text> </Replace>
		<Replace Tag="TXT_KEY_CSL_ARTIST_MINOR_CIV_ZURICH"> <Text>JFD</Text> </Replace>

	</Language_ru_RU>
</GameData>
