﻿<?xml version="1.0" encoding="utf-8"?>
<!-- edited with notepad by bc1 -->
<!-- translated to Russian by Shadow_Man -->
<!-- Update translated to Russian by KiberKont -->
<GameData>
	<Language_ru_RU>
        <!-- UNIT attributes -->
		<Replace Tag="TXT_KEY_EUI_UNIT_CAPTURE">
			<Text>Может быть захвачен</Text>
		</Replace>
		<Replace Tag="TXT_KEY_EUI_UNIT_MOVEAFTERPURCHASE">
			<Text>Может двигаться сразу после покупки</Text>
		</Replace>
		<!--Replace Tag="TXT_KEY_EUI_UNIT_IMMOBILE">
			<Text>Неподвижный</Text>
		</Replace-->
		<Replace Tag="TXT_KEY_EUI_UNIT_FOOD">
			<Text>[ICON_FOOD] Рост города остановлен, пока создаётся юнит</Text>
		</Replace>
		<Replace Tag="TXT_KEY_EUI_UNIT_NOBADGOODIES">
			<Text>Нет плохих вкусностей</Text>
		</Replace>
		<Replace Tag="TXT_KEY_EUI_UNIT_RIVALTERRITORY">
			<Text>Может войти на территорию соперника</Text>
		</Replace>
		<!--Replace Tag="TXT_KEY_EUI_UNIT_MILITARYSUPPORT">
			<Text>Военная поддержка</Text>
		</Replace-->
		<!--Replace Tag="TXT_KEY_EUI_UNIT_MILITARYPRODUCTION">
			<Text>Военное производство</Text>
		</Replace-->
		<Replace Tag="TXT_KEY_EUI_UNIT_PILLAGE">
			<Text>Может грабить улучшенные клетки</Text>
		</Replace>
		<Replace Tag="TXT_KEY_EUI_UNIT_FOUND">
			<Text>Может основывать города для расширения вашей империи</Text>
		</Replace>
		<Replace Tag="TXT_KEY_EUI_UNIT_FOUNDABROAD">
			<Text>Может основывать города за рубежом для расширения вашей империи</Text>
		</Replace>
		<!--Replace Tag="TXT_KEY_EUI_UNIT_IGNOREBUILDINGDEFENSE">
			<Text>Игнорирует городские укрепления</Text>
		</Replace-->
		<!--Replace Tag="TXT_KEY_EUI_UNIT_MECHANIZED">
			<Text>Механизированный</Text>
		</Replace-->
		<Replace Tag="TXT_KEY_EUI_UNIT_SUICIDE">
			<Text>Юнит уничтожается во время атаки</Text>
		</Replace>
		<Replace Tag="TXT_KEY_EUI_UNIT_CAPTUREWHILEEMBARKED">
			<Text>Может быть захвачен во время перевозки</Text>
		</Replace>
		<Replace Tag="TXT_KEY_EUI_UNIT_RUSHBUILDING">
			<Text>{TXT_KEY_MISSION_HURRY_PRODUCTION}</Text>
		</Replace>
		<Replace Tag="TXT_KEY_EUI_UNIT_SPREADRELIGION">
			<Text>{TXT_KEY_MISSION_SPREAD_RELIGION}</Text>
		</Replace>
		<Replace Tag="TXT_KEY_EUI_UNIT_REMOVEHERESY">
			<Text>{TXT_KEY_MISSION_REMOVE_HERESY}</Text>
		</Replace>
		<Replace Tag="TXT_KEY_EUI_UNIT_FOUNDRELIGION">
			<Text>{TXT_KEY_MISSION_FOUND_RELIGION}</Text>
		</Replace>
		<Replace Tag="TXT_KEY_EUI_UNIT_REQUIRESENHANCEDRELIGION">
			<Text>Требует расширенной религии</Text>
		</Replace>
		<Replace Tag="TXT_KEY_EUI_UNIT_PROHIBITSSPREAD">
			<Text>Запрещает распространение</Text>
		</Replace>
		<Replace Tag="TXT_KEY_EUI_UNIT_CANBUYCITYSTATE">
			<Text>{TXT_KEY_MISSION_BUY_CITY_STATE}</Text>
		</Replace>
		<Replace Tag="TXT_KEY_EUI_UNIT_RANGEATTACKONLYINDOMAIN">
			<Text>Дальняя атака только в своей области</Text>
		</Replace>
		<Replace Tag="TXT_KEY_EUI_UNIT_RANGEATTACKIGNORELOS">
			<Text>{TXT_KEY_PROMOTION_INDIRECT_FIRE}</Text>
		</Replace>
		<Replace Tag="TXT_KEY_EUI_UNIT_TRADE">
			<Text>{TXT_KEY_MISSION_ESTABLISH_TRADE_ROUTE}</Text>
		</Replace>
		<Replace Tag="TXT_KEY_EUI_UNIT_NOMAINTENANCE">
			<Text>Нет стоимости обслуживания</Text>
		</Replace>
		<!--Replace Tag="TXT_KEY_EUI_UNIT_BASESIGHTRANGE">
			<Text>Базовый радиус прицела {1}</Text>
		</Replace-->
		<Replace Tag="TXT_KEY_EUI_UNIT_CULTUREBOMBRADIUS">
			<Text>{TXT_KEY_MISSION_CULTURE_BOMB} ({1})</Text>
		</Replace>
		<Replace Tag="TXT_KEY_EUI_UNIT_GOLDENAGETURNS">
			<Text>{TXT_KEY_MISSION_START_GOLDENAGE} ({1} {TXT_KEY_TURNS})</Text>
		</Replace>
		<Replace Tag="TXT_KEY_EUI_UNIT_FREEPOLICIES">
			<Text>{TXT_KEY_MISSION_GIVE_POLICIES} ({1}x[ICON_CULTURE])</Text>
		</Replace>
		<Replace Tag="TXT_KEY_EUI_UNIT_ONESHOTTOURISM">
			<Text>{TXT_KEY_MISSION_ONE_SHOT_TOURISM} ({1}x[ICON_TOURISM])</Text>
		</Replace>
		<Replace Tag="TXT_KEY_EUI_UNIT_ONESHOTTOURISMPERCENTOTHERS">
			<Text>One Shot Tourism Percent Others {1}</Text>
		</Replace>
		<!--Replace Tag="TXT_KEY_EUI_UNIT_MINAREASIZE">
			<Text>Минимальный размер области {1}</Text>
		</Replace-->
		<Replace Tag="TXT_KEY_EUI_UNIT_AIRINTERCEPTRANGE">
			<Text>{TXT_KEY_MISSION_INTERCEPT} [ICON_RANGE_STRENGTH]{1}</Text>
		</Replace>
		<!--Replace Tag="TXT_KEY_EUI_UNIT_AIRUNITCAP">
			<Text>Уровень воздушного юнита {1}</Text>
		</Replace-->
		<!--Replace Tag="TXT_KEY_EUI_UNIT_NUKEDAMAGELEVEL">
			<Text>Уровень ядерного удара {1}</Text>
		</Replace-->
		<!--Replace Tag="TXT_KEY_EUI_UNIT_WORKRATE">
			<Text>Скорость работы {1}</Text>
		</Replace-->
		<Replace Tag="TXT_KEY_EUI_UNIT_NUMFREETECHS">
			<Text>{TXT_KEY_MISSION_DISCOVER_TECH} ({1})</Text>
		</Replace>
		<Replace Tag="TXT_KEY_EUI_UNIT_BASEBEAKERSTURNSTOCOUNT">
			<Text>{TXT_KEY_MISSION_DISCOVER_TECH} ({1} {TXT_KEY_TURNS})</Text>
		</Replace>
		<Replace Tag="TXT_KEY_EUI_UNIT_BASECULTURETURNSTOCOUNT">
			<Text>{TXT_KEY_MISSION_GIVE_POLICIES} ({1} {TXT_KEY_TURNS})</Text>
		</Replace>
		<Replace Tag="TXT_KEY_EUI_UNIT_RELIGIONSPREADS">
			<Text>{TXT_KEY_UPANEL_SPREAD_RELIGION_USES}: {1}</Text>
		</Replace>
		<Replace Tag="TXT_KEY_EUI_UNIT_RELIGIOUSSTRENGTH">
			<Text>Религиозная сила {1}</Text>
		</Replace>
		<!--Replace Tag="TXT_KEY_EUI_UNIT_COMBATLIMIT">
			<Text>Боевой предел {1}</Text>
		</Replace-->
		<Replace Tag="TXT_KEY_EUI_UNIT_NUMEXOTICGOODS">
			<Text>{TXT_KEY_MISSION_SELL_EXOTIC_GOODS}: {1}</Text>
		</Replace>
		<!--Replace Tag="TXT_KEY_EUI_UNIT_RANGEDCOMBATLIMIT">
			<Text>Предел дальнего боя {1}</Text>
		</Replace-->
		<!--Replace Tag="TXT_KEY_EUI_UNIT_CONSCRIPTION">
			<Text>Призыв на военную службу {1}</Text>
		</Replace-->
		<Replace Tag="TXT_KEY_EUI_UNIT_EXTRAMAINTENANCECOST">
			<Text>{TXT_KEY_PEDIA_MAINT_LABEL} {1}[ICON_GOLD]</Text>
		</Replace>
		<Replace Tag="TXT_KEY_EUI_UNIT_UNHAPPINESS">
			<Text>{TXT_KEY_UNHAPPINESS}: {1}[ICON_HAPPINESS_3]</Text>
		</Replace>
		<Replace Tag="TXT_KEY_EUI_UNIT_LEADEREXPERIENCE">
			<Text>Опыт лидера {1}</Text>
		</Replace>

        <!-- BUILDING attributes -->
		<Replace Tag="TXT_KEY_EUI_BUILDING_TEAMSHARE">
			<Text>{TXT_KEY_POP_UN_TEAM}</Text>
		</Replace>
		<Replace Tag="TXT_KEY_EUI_BUILDING_FOUNDSRELIGION">
			<Text>{TXT_KEY_MISSION_FOUND_RELIGION}</Text>
		</Replace>
		<Replace Tag="TXT_KEY_EUI_BUILDING_ISRELIGIOUS">
			<Text>Религиозное</Text>
		</Replace>
		<Replace Tag="TXT_KEY_EUI_BUILDING_BORDEROBSTACLE">
			<Text>Увеличивает стоимость передвижения для захода на клетку на вашей территории на +1[ICON_MOVES] для всех вражеских юнитов</Text>
		</Replace>
		<Replace Tag="TXT_KEY_EUI_BUILDING_PLAYERBORDEROBSTACLE">
			<Text>Увеличивает стоимость передвижения для захода на клетку на вашей территории на +1[ICON_MOVES] для всех вражеских юнитов</Text>
		</Replace>
		<Replace Tag="TXT_KEY_EUI_BUILDING_CAPITAL">
			<Text>Столица</Text>
		</Replace>
		<Replace Tag="TXT_KEY_EUI_BUILDING_GOLDENAGE">
			<Text>{TXT_KEY_MISSION_START_GOLDENAGE}</Text>
		</Replace>
		<Replace Tag="TXT_KEY_EUI_BUILDING_MAPCENTERING">
			<Text>Центрирование карты</Text>
		</Replace>
		<Replace Tag="TXT_KEY_EUI_BUILDING_NEVERCAPTURE">
			<Text>Никогда не захватывать</Text>
		</Replace>
		<Replace Tag="TXT_KEY_EUI_BUILDING_NUKEIMMUNE">
			<Text>Иммунитет к ядерному удару</Text>
		</Replace>
		<Replace Tag="TXT_KEY_EUI_BUILDING_ALLOWSWATERROUTES">
			<Text>Доступны водные пути</Text>
		</Replace>
		<Replace Tag="TXT_KEY_EUI_BUILDING_EXTRALUXURIES">
			<Text>Экстра роскошь</Text>
		</Replace>
		<Replace Tag="TXT_KEY_EUI_BUILDING_DIPLOMATICVOTING">
			<Text>Дипломатическое голосование</Text>
		</Replace>
		<Replace Tag="TXT_KEY_EUI_BUILDING_AFFECTSPIESNOW">
			<Text>Влиять на шпионов сейчас</Text>
		</Replace>
		<Replace Tag="TXT_KEY_EUI_BUILDING_NULLIFYINFLUENCEMODIFIER">
			<Text>Обнулить модификатор влияния</Text>
		</Replace>
		<Replace Tag="TXT_KEY_EUI_BUILDING_UNLOCKEDBYLEAGUE">
			<Text>Может быть построено только совместно через Всемирный Конгресс</Text>
		</Replace>
		<Replace Tag="TXT_KEY_EUI_BUILDING_HOLYCITY">
			<Text>[COLOR_WHITE]{TXT_KEY_RO_WR_HOLY_CITY}[ENDCOLOR]</Text>
		</Replace>
		<Replace Tag="TXT_KEY_EUI_BUILDING_AIRLIFT">
			<Text>Позволяет воздушные перевозки в этом городе</Text>
		</Replace>
		<Replace Tag="TXT_KEY_EUI_BUILDING_NOOCCUPIEDUNHAPPINESS">
			<Text>Убирает дополнительно [ICON_HAPPINESS_4] недовольства с [ICON_OCCUPIED] оккупированного города</Text>
		</Replace>
		<Replace Tag="TXT_KEY_EUI_BUILDING_ALLOWSRANGESTRIKE">
			<Text>{TXT_KEY_PROMOTION_INDIRECT_FIRE}</Text>
		</Replace>
		<Replace Tag="TXT_KEY_EUI_BUILDING_ESPIONAGE">
			<Text>{TXT_KEY_GAME_CONCEPT_SECTION_22}</Text>
		</Replace>
		<Replace Tag="TXT_KEY_EUI_BUILDING_ALLOWSFOODTRADEROUTES">
			<Text>[ICON_FOOD]{TXT_KEY_TRADE_ROUTES_HEADING2_TITLE}</Text>
		</Replace>
		<Replace Tag="TXT_KEY_EUI_BUILDING_ALLOWSPRODUCTIONTRADEROUTES">
			<Text>[ICON_PRODUCTION]{TXT_KEY_TRADE_ROUTES_HEADING2_TITLE}</Text>
		</Replace>
		<!--Replace Tag="TXT_KEY_EUI_BUILDING_CITYWALL">
			<Text>Городская стена</Text>
		</Replace-->
		<Replace Tag="TXT_KEY_EUI_BUILDING_LEAGUECOST">
			<Text>Стоимость лиги {1}[ICON_PRODUCTION]</Text>
		</Replace>
		<Replace Tag="TXT_KEY_EUI_BUILDING_NUMCITYCOSTMOD">
			<Text>Стоимость увеличивается на {1}[ICON_PRODUCTION] за город</Text>
		</Replace>
		<!--Replace Tag="TXT_KEY_EUI_BUILDING_MINAREASIZE">
			<Text>Минимальный размер области {1}</Text>
		</Replace-->
		<Replace Tag="TXT_KEY_EUI_BUILDING_CONQUESTPROB">
			<Text>{1}% шанс захвата</Text>
		</Replace>
		<Replace Tag="TXT_KEY_EUI_BUILDING_CITIESPREREQ">
			<Text>Требования к городу {1}</Text>
		</Replace>
		<Replace Tag="TXT_KEY_EUI_BUILDING_LEVELPREREQ">
			<Text>Требования к уровню {1}</Text>
		</Replace>
		<Replace Tag="TXT_KEY_EUI_BUILDING_GLOBALCULTURERATEMODIFIER">
			<Text>Глобальный модификатор культуры {1}%</Text>
		</Replace>
		<Replace Tag="TXT_KEY_EUI_BUILDING_GREATPEOPLERATEMODIFIER">
			<Text>+{1}%[ICON_GREAT_PEOPLE] {TXT_KEY_CITYVIEW_GREAT_PEOPLE_TEXT}</Text>
		</Replace>
		<Replace Tag="TXT_KEY_EUI_BUILDING_GLOBALGREATPEOPLERATEMODIFIER">
			<Text>Глобальный модификатор великих личностей {1}%</Text>
		</Replace>
		<Replace Tag="TXT_KEY_EUI_BUILDING_GREATGENERALRATEMODIFIER">
			<Text>Модификатор великих полководцев {1}%</Text>
		</Replace>
		<Replace Tag="TXT_KEY_EUI_BUILDING_GREATPERSONEXPENDGOLD">
			<Text>Великая личность тратит золото {1}</Text>
		</Replace>
		<Replace Tag="TXT_KEY_EUI_BUILDING_GOLDENAGEMODIFIER">
			<Text>+{1}% {TXT_KEY_REPLAY_DATA_GOLDAGETURNS}</Text>
		</Replace>
		<Replace Tag="TXT_KEY_EUI_BUILDING_UNITUPGRADECOSTMOD">
			<Text>Модификатор стоимости улучшения юнитов {1}%</Text>
		</Replace>
		<Replace Tag="TXT_KEY_EUI_BUILDING_EXPERIENCE">
			<Text>Опыт {1}</Text>
		</Replace>
		<Replace Tag="TXT_KEY_EUI_BUILDING_GLOBALEXPERIENCE">
			<Text>Глобальный опыт {1}</Text>
		</Replace>
		<Replace Tag="TXT_KEY_EUI_BUILDING_FOODKEPT">
			<Text>{1}% [ICON_FOOD] еды переносится после рождения нового [ICON_CITIZEN] жителя (эффект суммируется)</Text>
		</Replace>
		<Replace Tag="TXT_KEY_EUI_BUILDING_AIRMODIFIER">
			<Text>Увеличивает вместимость воздушных юнитов в городе на {1}</Text>
		</Replace>
		<Replace Tag="TXT_KEY_EUI_BUILDING_NUKEMODIFIER">
			<Text>Модификатор ядерной бомбы {1}%</Text>
		</Replace>
		<Replace Tag="TXT_KEY_EUI_BUILDING_NUKEEXPLOSIONRAND">
			<Text>{1}% шанс, что это здание создаст большую проблему (расплавление), если город подвергнется ядерному удару</Text>
		</Replace>
		<Replace Tag="TXT_KEY_EUI_BUILDING_HEALRATECHANGE">
			<Text>{1}% улучшение скорости лечения юнита</Text>
		</Replace>
		<Replace Tag="TXT_KEY_EUI_BUILDING_UNHAPPINESSMODIFIER">
			<Text>Модификатор недовольства {1}%</Text>
		</Replace>
		<Replace Tag="TXT_KEY_EUI_BUILDING_HAPPINESSPERCITY">
			<Text>+{1}[ICON_HAPPINESS_1] счастья в каждом городе</Text>
		</Replace>
		<Replace Tag="TXT_KEY_EUI_BUILDING_HAPPINESSPERXPOLICIES">
			<Text>+1[ICON_HAPPINESS_1] счастья в империи за каждые {1} политик</Text>
		</Replace>
		<Replace Tag="TXT_KEY_EUI_BUILDING_CITYCOUNTUNHAPPINESSMOD">
			<Text>Модификатор недовольства от количества городов {1}</Text>
		</Replace>
		<Replace Tag="TXT_KEY_EUI_BUILDING_WORKERSPEEDMODIFIER">
			<Text>Модификатор скорости рабочих {1}%</Text>
		</Replace>
		<Replace Tag="TXT_KEY_EUI_BUILDING_MILITARYPRODUCTIONMODIFIER">
			<Text>Модификатор военного производства {1}%</Text>
		</Replace>
		<Replace Tag="TXT_KEY_EUI_BUILDING_SPACEPRODUCTIONMODIFIER">
			<Text>Модификатор космического производства {1}%</Text>
		</Replace>
		<Replace Tag="TXT_KEY_EUI_BUILDING_GLOBALSPACEPRODUCTIONMODIFIER">
			<Text>Глобальный модификатор космического производства {1}%</Text>
		</Replace>
		<Replace Tag="TXT_KEY_EUI_BUILDING_BUILDINGPRODUCTIONMODIFIER">
			<Text>Модификатор скорости строительства зданий {1}%</Text>
		</Replace>
		<Replace Tag="TXT_KEY_EUI_BUILDING_WONDERPRODUCTIONMODIFIER">
			<Text>Модификатор скорости строительства чудес света {1}%</Text>
		</Replace>
		<Replace Tag="TXT_KEY_EUI_BUILDING_CITYCONNECTIONTRADEROUTEMODIFIER">
			<Text>Модификатор скорости создания торговых путей {1}%</Text>
		</Replace>
		<Replace Tag="TXT_KEY_EUI_BUILDING_CAPTUREPLUNDERMODIFIER">
			<Text>Если этот город будет захвачен, количество награбленного противником [ICON_GOLD] золота увеличивается на {1}%</Text>
		</Replace>
		<Replace Tag="TXT_KEY_EUI_BUILDING_POLICYCOSTMODIFIER">
			<Text>[ICON_CULTURE] культуры требуется на получение нового общественного строя меньше на {1}%</Text>
		</Replace>
		<Replace Tag="TXT_KEY_EUI_BUILDING_PLOTCULTURECOSTMODIFIER">
			<Text>[ICON_CULTURE] культуры требуется на получение новых клеток меньше на {1}% в этом городе</Text>
		</Replace>
		<Replace Tag="TXT_KEY_EUI_BUILDING_GLOBALPLOTCULTURECOSTMODIFIER">
			<Text>[ICON_CULTURE] культуры требуется на получение новых клеток меньше на {1}% в каждом городе</Text>
		</Replace>
		<Replace Tag="TXT_KEY_EUI_BUILDING_PLOTBUYCOSTMODIFIER">
			<Text>[ICON_GOLD] золота требуется на получение новых клеток меньше на {1}% в этом городе</Text>
		</Replace>
		<Replace Tag="TXT_KEY_EUI_BUILDING_GLOBALPLOTBUYCOSTMODIFIER">
			<Text>[ICON_GOLD] золота требуется на получение новых клеток меньше на {1}% в каждом городе</Text>
		</Replace>
		<Replace Tag="TXT_KEY_EUI_BUILDING_GLOBALPOPULATIONCHANGE">
			<Text>Добавляет {1}[ICON_CITIZEN] жителей в каждый город империи игрока</Text>
		</Replace>
		<Replace Tag="TXT_KEY_EUI_BUILDING_TECHSHARE">
			<Text>Если {1} игроков обладают технологией, то владельцы этого здания тоже получат эту технологию</Text>
		</Replace>
		<Replace Tag="TXT_KEY_EUI_BUILDING_FREETECHS">
			<Text>{1} БЕСПЛАТНЫХ [COLOR_CYAN]технологий[ENDCOLOR]</Text>
		</Replace>
		<Replace Tag="TXT_KEY_EUI_BUILDING_FREEPOLICIES">
			<Text>{1} БЕСПЛАТНЫХ [COLOR_MAGENTA]общественных институтов[ENDCOLOR]</Text>
		</Replace>
		<Replace Tag="TXT_KEY_EUI_BUILDING_FREEGREATPEOPLE">
			<Text>{1} БЕСПЛАТНЫХ [COLOR_UNIT_TEXT]великих личностей[ENDCOLOR]</Text>
		</Replace>
		<Replace Tag="TXT_KEY_EUI_BUILDING_MEDIANTECHPERCENTCHANGE">
			<Text>Средне-взвешенная стоимость технологий {1}%</Text>
		</Replace>
		<Replace Tag="TXT_KEY_EUI_BUILDING_GOLD">
			<Text>Золото {1}</Text>
		</Replace>
		<Replace Tag="TXT_KEY_EUI_BUILDING_GLOBALDEFENSEMOD">
			<Text>Глобальный модификатор защиты {1}</Text>
		</Replace>
		<Replace Tag="TXT_KEY_EUI_BUILDING_MINORFRIENDSHIPCHANGE">
			<Text>Незначительные изменения дружбы {1}</Text>
		</Replace>
		<Replace Tag="TXT_KEY_EUI_BUILDING_VICTORYPOINTS">
			<Text>{1} очков победы</Text>
		</Replace>
		<Replace Tag="TXT_KEY_EUI_BUILDING_EXTRAMISSIONARYSPREADS">
			<Text>Дополнительное влияние миссионеров {1}</Text>
		</Replace>
		<Replace Tag="TXT_KEY_EUI_BUILDING_RELIGIOUSPRESSUREMODIFIER">
			<Text>Модификатор религиозного давления {1}%</Text>
		</Replace>
		<Replace Tag="TXT_KEY_EUI_BUILDING_ESPIONAGEMODIFIER">
			<Text>Модификатор шпионажа {1}%</Text>
		</Replace>
		<Replace Tag="TXT_KEY_EUI_BUILDING_GLOBALESPIONAGEMODIFIER">
			<Text>Глобальный модификатор шпионажа {1}%</Text>
		</Replace>
		<Replace Tag="TXT_KEY_EUI_BUILDING_EXTRASPIES">
			<Text>{1} дополнительных шпионов</Text>
		</Replace>
		<Replace Tag="TXT_KEY_EUI_BUILDING_SPYRANKCHANGE">
			<Text>Изменение ранга шпионов {1}</Text>
		</Replace>
		<Replace Tag="TXT_KEY_EUI_BUILDING_INSTANTSPYRANKCHANGE">
			<Text>Мгновенное изменение ранга шпионов {1}</Text>
		</Replace>
		<Replace Tag="TXT_KEY_EUI_BUILDING_TRADEROUTERECIPIENTBONUS">
			<Text>[ICON_INTERNATIONAL_TRADE]{TXT_KEY_DECLARE_WAR_TRADE_ROUTES_HEADER} +{1}[ICON_GOLD][ICON_ARROW_LEFT]</Text>
		</Replace>
		<Replace Tag="TXT_KEY_EUI_BUILDING_TRADEROUTETARGETBONUS">
			<Text>[ICON_INTERNATIONAL_TRADE]{TXT_KEY_DECLARE_WAR_TRADE_ROUTES_HEADER} +{1}[ICON_GOLD][ICON_ARROW_RIGHT]</Text>
		</Replace>
		<Replace Tag="TXT_KEY_EUI_BUILDING_NUMTRADEROUTEBONUS">
			<Text>+{1}[ICON_INTERNATIONAL_TRADE]{TXT_KEY_DECLARE_WAR_TRADE_ROUTES_HEADER}</Text>
		</Replace>
		<Replace Tag="TXT_KEY_EUI_BUILDING_LANDMARKSTOURISMPERCENT">
			<Text>{1}% [ICON_CULTURE] культуры от Чудес света, Чудес природы и Улучшений (Достопримечательности, Моаи, Шато) добавляется к [ICON_TOURISM] туризму, исходящему из города</Text>
		</Replace>
		<Replace Tag="TXT_KEY_EUI_BUILDING_INSTANTMILITARYINCREASE">
			<Text>Мгновенное военное увеличение {1}</Text>
		</Replace>
		<Replace Tag="TXT_KEY_EUI_BUILDING_GREATWORKSTOURISMMODIFIER">
			<Text>+{1}% [ICON_TOURISM] туризма от великих произведений</Text>
		</Replace>
		<Replace Tag="TXT_KEY_EUI_BUILDING_XBUILTTRIGGERSIDEOLOGYCHOICE">
			<Text>Постройте {1} для запуска выбора идеологии</Text>
		</Replace>
		<Replace Tag="TXT_KEY_EUI_BUILDING_TRADEROUTESEADISTANCEMODIFIER">
			<Text>Модификатор дальности морских торговых путей {1}%</Text>
		</Replace>
		<Replace Tag="TXT_KEY_EUI_BUILDING_TRADEROUTESEAGOLDBONUS">
			<Text>Бонус золота от морских торговых путей {1}</Text>
		</Replace>
		<Replace Tag="TXT_KEY_EUI_BUILDING_TRADEROUTELANDDISTANCEMODIFIER">
			<Text>Модификатор дальности сухопутных торговых путей {1}%</Text>
		</Replace>
		<Replace Tag="TXT_KEY_EUI_BUILDING_TRADEROUTELANDGOLDBONUS">
			<Text>Бонус золота от сухопутных торговых путей {1}</Text>
		</Replace>
		<Replace Tag="TXT_KEY_EUI_BUILDING_CITYSTATETRADEROUTEPRODUCTIONMODIFIER">
			<Text>City State Trade Route Production Modifier {1}%</Text>
		</Replace>
		<Replace Tag="TXT_KEY_EUI_BUILDING_GREATSCIENTISTBEAKERMODIFIER">
			<Text>Модификатор науки великого учёного {1}%</Text>
		</Replace>
		<Replace Tag="TXT_KEY_EUI_BUILDING_SPECIALISTEXTRACULTURE">
			<Text>{1} дополнительной [ICON_CULTURE] культуры за специалиста</Text>
		</Replace>
		<Replace Tag="TXT_KEY_EUI_BUILDING_EXTRALEAGUEVOTES">
			<Text>{1} дополнительных голосов лиги</Text>
		</Replace>
		<Replace Tag="TXT_KEY_EUI_BUILDING_POLICYBRANCHTYPE">
		    <Text>Требуется [COLOR_MAGENTA]{1}[ENDCOLOR]</Text>
		</Replace>
		<!-- <Replace Tag="TXT_KEY_EUI_BUILDING_PREREQTECH"> -->
		    <!-- <Text>Требуется [COLOR_CYAN]{1}[ENDCOLOR]</Text> -->
		<!-- </Replace> -->
		<Replace Tag="TXT_KEY_EUI_BUILDING_OBSOLETETECH">
		    <Text>Становится устаревшим после открытия [COLOR_CYAN]{1}[ENDCOLOR]</Text>
		</Replace>
		<Replace Tag="TXT_KEY_EUI_BUILDING_FREEPROMOTION">
		    <Text>[COLOR_GREEN]{1}[ENDCOLOR] продвижение для всех совместимых военных юнитов</Text>
		</Replace>
		<Replace Tag="TXT_KEY_EUI_BUILDING_TRAINEDFREEPROMOTION">
		    <Text>[COLOR_GREEN]{1}[ENDCOLOR] продвижение для совместимых военных юнитов, обученных в городе</Text>
		</Replace>

		<!-- MISC EUI tooltips -->
		<Replace Tag="TXT_KEY_EUI_REQUIRES">
		    <Text>Требуется {1}</Text>
		</Replace>
		<Replace Tag="TXT_KEY_CBE91AF606834326BC7758BB489E509F_DESCRIPTION">
			<Text>Табличные данные 1</Text>
		</Replace>
		<Replace Tag="TXT_KEY_EUI_OPEN_BORDERS_YOUR">
			<Text>Ваши границы открыты для них</Text>
		</Replace>
		<Replace Tag="TXT_KEY_EUI_OPEN_BORDERS_THEIR">
			<Text>Их границы открыты для вас</Text>
		</Replace>
		<Replace Tag="TXT_KEY_EUI_CLOSED_BORDERS_YOUR">
			<Text>Ваши границы закрыты для них</Text>
		</Replace>
		<Replace Tag="TXT_KEY_EUI_CLOSED_BORDERS_THEIR">
			<Text>Их границы закрыты для вас</Text>
		</Replace>
		<Replace Tag="TXT_KEY_EUI_BUILT_IN_X_CITIES">
			<Text>Построено в {1}/{3} {3: plural 1?городе; 2?городах;}, Строительство в {2} {2: plural 1?городе; 2?городах;}</Text>
		</Replace>
		<Replace Tag="TXT_KEY_EUI_WONDER_BUILT_BY">
			<Text>Построено цивилизацией {@1_CivName} в {@2_CityName} {@3_YearBuilt}</Text>
		</Replace>
		<Replace Tag="TXT_KEY_EUI_UNKNOWN_CITY">
			<Text>Неизвестный город</Text>
		</Replace>
		<Replace Tag="TXT_KEY_EUI_PLAY_NEXT_SONG">
			<Text>Следующая песня</Text>
		</Replace>
		<Replace Tag="TXT_KEY_EUI_CITY_BANNERS">
			<Text>Городские флаги</Text>
		</Replace>
		<Replace Tag="TXT_KEY_EUI_UNIT_FLAGS">
			<Text>Флаги юнитов</Text>
		</Replace>
		<Replace Tag="TXT_KEY_EUI_FLAG_PROMO_ENABLE">
			<Text>Показывать значки повышений юнитов</Text>
		</Replace>
		<Replace Tag="TXT_KEY_EUI_FLAG_PROMO_ENABLE_TT">
			<Text>Рядом с флагами юнитов на карте отображаются маленькие значки самых важных повышений, для ваших юнитов и тех, с кем вы воюете.</Text>
		</Replace>
		<Replace Tag="TXT_KEY_EUI_PREDICTIVE_RANGE">
			<Text>Показывать предсказанную область атаки</Text>
		</Replace>
		<Replace Tag="TXT_KEY_EUI_PREDICTIVE_RANGE_TT">
			<Text>При перемещении юнитов дальнего боя показывать красный контур, соответствующий области атаки, исходя из того, где юнит окажется после перемещения</Text>
		</Replace>
		<Replace Tag="TXT_KEY_EUI_PLOT_HELP_TOOLTIP">
			<Text>Справка под "мышкой"</Text>
		</Replace>
		<Replace Tag="TXT_KEY_EUI_FIRST_FREE_UNIT_CLASS">
			<Text>Бесплатный юнит, если вы первый открыли эту технологию</Text>
		</Replace>
		<Replace Tag="TXT_KEY_EUI_FEATURE_PRODUCTION_MOD">
			<Text>Модификатор производства {1_Num}%</Text>
		</Replace>
		<Replace Tag="TXT_KEY_EUI_WORKER_SPEED_MOD">
			<Text>Скорость рабочих увеличивается на {1}%</Text>
		</Replace>
		<Replace Tag="TXT_KEY_EUI_FIRST_FREE_TECHS">
			<Text>{1_Num} бесплатных технологий, если вы первый открыли эту</Text>
		</Replace>
		<Replace Tag="TXT_KEY_EUI_EXTRA_WATER_SEE_FROM">
			<Text>Расширение видимости над водой</Text>
		</Replace>
		<Replace Tag="TXT_KEY_EUI_ENDS_GAME">
			<Text>Завершить игру</Text>
		</Replace>
		<Replace Tag="TXT_KEY_EUI_WATER_WORK">
			<Text>Позволяет работать на водных клетках</Text>
		</Replace>
		<Replace Tag="TXT_KEY_EUI_TRIGGERS_ARCHAEOLOGICAL_SITES">
			<Text>Переключает появление археологических мест</Text>
		</Replace>
		<Replace Tag="TXT_KEY_EUI_AUTOMATE_PRODUCTION">
			<Text>Автоматизация производства</Text>
		</Replace>
		<Replace Tag="TXT_KEY_EUI_AUTOMATE_PRODUCTION_TT">
			<Text>Эта кнопка автоматизирует производство в городе, когда включена.</Text>
		</Replace>
		<Replace Tag="TXT_KEY_EUI_UNIT_TYPES">
		    <Text>Панель типов юнитов</Text>
		</Replace>
		<Replace Tag="TXT_KEY_EUI_UNIT_TYPES_TT">
		    <Text>Переключить отображение панели типов юнитов в нижнем правом углу.</Text>
		</Replace>
		<Replace Tag="TXT_KEY_EUI_UNIT_ICON_ENABLE">
		    <Text>Иконка подсказки флага юнита</Text>
		</Replace>
		<Replace Tag="TXT_KEY_EUI_UNIT_ICON_ENABLE_TT">
		    <Text>Отображать большую иконку юнита рядом с подробной подсказкой флага юнита.</Text>
		</Replace>
		<Replace Tag="TXT_KEY_EUI_CITY_ICON_ENABLE">
		    <Text>Иконка города на карте</Text>
		</Replace>
		<Replace Tag="TXT_KEY_EUI_CITY_ICON_ENABLE_TT">
		    <Text>Отображать иконку города с иконками добычи на карте.</Text>
		</Replace>
		<Replace Tag="TXT_KEY_EUI_TOOLTIP_ICON_ENABLE">
		    <Text>Большая иконка подсказки</Text>
		</Replace>
		<Replace Tag="TXT_KEY_EUI_TOOLTIP_ICON_ENABLE_TT">
		    <Text>Отображать большую значимую иконку рядом с подсказками.</Text>
		</Replace>
		<Replace Tag="TXT_KEY_EUI_NEXT_CITY_PRODUCTION">
		    <Text>Перейти к следующему городу после выбора производства</Text>
		</Replace>
		<Replace Tag="TXT_KEY_EUI_NEXT_CITY_PRODUCTION_TT">
		    <Text>Перейти к следующему городу, которому требуется выбор производства, после завершения выбора в этом городе.</Text>
		</Replace>
		<Replace Tag="TXT_KEY_EUI_RESET_CITY_PLOT_PURCHASE">
		    <Text>Сбросить режим покупки участка после закрытия экрана города</Text>
		</Replace>
		<Replace Tag="TXT_KEY_EUI_RESET_CITY_PLOT_PURCHASE_TT">
		    <Text>Сбросить режим покупки участка (большая иконка монеты в верхнем левом углу экрана города) после закрытия экрана города.</Text>
		</Replace>
		<Replace Tag="TXT_KEY_EUI_POLICY_CONFIRM">
		    <Text>Подтвердить выбор политики</Text>
		</Replace>
		<Replace Tag="TXT_KEY_EUI_POLICY_CONFIRM_TT">
		    <Text>Отображает окно подтверждения выбора политики игроком.</Text>
		</Replace>
		<Replace Tag="TXT_KEY_EUI_CLOSE_POLICY_SCREEN">
		    <Text>{TXT_KEY_GAMESPEED_QUICK} {TXT_KEY_ADVISOR_SCREEN_SOCIAL_POLICY_DISPLAY} {TXT_KEY_CLOSE}</Text>
		</Replace>
		<Replace Tag="TXT_KEY_EUI_CLOSE_POLICY_SCREEN_TT">
		    <Text>Автоматически закрывает экран политики после выбора.</Text>
		</Replace>
		<Replace Tag="TXT_KEY_EUI_CLOSE_TECH_TREE">
		    <Text>{TXT_KEY_GAMESPEED_QUICK} {TXT_KEY_ADVISOR_SCREEN_TECH_TREE_DISPLAY} {TXT_KEY_CLOSE}</Text>
		</Replace>
		<Replace Tag="TXT_KEY_EUI_CLOSE_TECH_TREE_TT">
		    <Text>При доступе через уведомление автоматически закрывает экран технологий после выбора технологии.</Text>
		</Replace>
		<Replace Tag="TXT_KEY_EUI_CLOSE_CITY_STATE">
		    <Text>{TXT_KEY_GAMESPEED_QUICK} {TXT_KEY_CIV_MINOR_SHORT_DESC} {TXT_KEY_CLOSE}</Text>
		</Replace>
		<Replace Tag="TXT_KEY_EUI_CLOSE_CITY_STATE_TT">
		    <Text>Автоматически закрывает всплывающее окно город-государство после выполнения действия: подарок, обещание, требование и т.д.</Text>
		</Replace>
		<Replace Tag="TXT_KEY_EUI_CLOSE_CITY_SCREEN">
		    <Text>{TXT_KEY_GAMESPEED_QUICK} {TXT_KEY_ADVISOR_CITY_SCREEN_DISPLAY} {TXT_KEY_CLOSE}</Text>
		</Replace>
		<Replace Tag="TXT_KEY_EUI_CLOSE_CITY_SCREEN_TT">
		    <Text>При доступе через значок уведомления о производстве автоматически закрывает экран города после выбора производства.</Text>
		</Replace>
		<Replace Tag="TXT_KEY_EUI_CITYVIEW_ADVISORS">
		    <Text>{TXT_KEY_ADVISOR_CITY_SCREEN_DISPLAY} {TXT_KEY_TOPIC_ADVISORS}</Text>
		</Replace>
		<Replace Tag="TXT_KEY_EUI_CITYVIEW_ADVISORS_TT">
		    <Text>Отображение рекомендаций советников по производству на экране города.</Text>
		</Replace>
		<Replace Tag="TXT_KEY_EUI_CITYVIEW_CITIZEN_ALLOCATION">
		    <Text>{TXT_KEY_ADVISOR_CITY_SCREEN_DISPLAY} {TXT_KEY_CITYVIEW_CITIZEN_ALLOCATION}</Text>
		</Replace>
		<Replace Tag="TXT_KEY_EUI_CITYVIEW_CITIZEN_ALLOCATION_TT">
		    <Text>Позволяет вручную распределять граждан на экране города.</Text>
		</Replace>
		<Replace Tag="TXT_KEY_EUI_WORKER_FOCUS">
		    <Text>Сосредоточение на рабочих в конце хода</Text>
		</Replace>
		<Replace Tag="TXT_KEY_EUI_WORKER_FOCUS_TT">
		    <Text>После нажатия на следующий ход сосредоточьтесь на рабочем, который только что завершил улучшение, и отложите следующий ход.</Text>
		</Replace>
		<Replace Tag="TXT_KEY_EUI_TOP_PANEL_CLOCK">
		    <Text>Часы на верхней панели</Text>
		</Replace>
		<Replace Tag="TXT_KEY_EUI_TOP_PANEL_CLOCK_TT">
		    <Text>Выберите отображение времени и/или даты на правой стороне верхней панели.</Text>
		</Replace>
		<Replace Tag="TXT_KEY_EUI_ALARM_CLOCK">
		    <Text>Будильник</Text>
		</Replace>
		<Replace Tag="TXT_KEY_EUI_ALARM_CLOCK_TT">
		    <Text>Укажите время будильника, при котором появится напоминание.</Text>
		</Replace>
		<Replace Tag="TXT_KEY_EUI_LOAD_SCREEN_TOOLTIP">
		    <Text>Подсказка экрана загрузки</Text>
		</Replace>
		<Replace Tag="TXT_KEY_EUI_LOAD_SCREEN_TOOLTIP_TT">
		    <Text>Отключите подсказки экрана загрузки, чтобы избежать случайной порчи игры.</Text>
		</Replace>
		<Replace Tag="TXT_KEY_EUI_DEFAULT_CITY_FOCUS">
		    <Text>Стандартная ориентация города</Text>
		</Replace>
		<Replace Tag="TXT_KEY_EUI_DEFAULT_CITY_FOCUS_TT">
		    <Text>Новые города используют стандартную ориентацию, которая затем может быть изменена на экране города.</Text>
		</Replace>
		<Replace Tag="TXT_KEY_EUI_CITY_BANNER_HIGHLIGHTS">
		    <Text>Подсветка баннеров города</Text>
		</Replace>
		<Replace Tag="TXT_KEY_EUI_CITY_BANNER_HIGHLIGHTS_TT">
		    <Text>При наведении мыши на баннер города выделяйте участки города и показывайте рабочих союзников.</Text>
		</Replace>
		<Replace Tag="TXT_KEY_EUI_NOTIFICATION_DISMISS">
		    <Text>{TXT_KEY_GAMESPEED_QUICK} Закрытие уведомления</Text>
		</Replace>
		<Replace Tag="TXT_KEY_EUI_NOTIFICATION_DISMISS_TT">
		    <Text>При нажатии левой кнопкой мыши для активации уведомления оно также отклоняется.</Text>
		</Replace>
		
		<!-- New translated was created at 01.01.2026 -->
		<!-- Please note that the translation is not 100% accurate -->
		<!-- By KiberKont -->
		<Replace Tag="TXT_KEY_OPSCREEN_SPLAYER_AUTO_END_TURN">
			<Text>Авто-завершение хода (Одиночная игра)</Text>
		</Replace>
		<Replace Tag="TXT_KEY_OPSCREEN_SPLAYER_AUTO_END_TURN_TT">
			<Text>Игра автоматически завершает ход, если у вас нет активных действий.</Text>
		</Replace>
		
		<Replace Tag="TXT_KEY_OPSCREEN_MULTIPLAYER_AUTO_END_TURN">
			<Text>Авто-завершение хода (Мультиплеер)</Text>
		</Replace>

		<Replace Tag="TXT_KEY_OPSCREEN_SPLAYER_QUICK_COMBAT">
			<Text>Быстрый бой (Одиночная игра)</Text>
		</Replace>
		<Replace Tag="TXT_KEY_OPSCREEN_SPLAYER_QUICK_COMBAT_TT">
			<Text>Отключает анимации сражений для ускорения игры.</Text>
		</Replace>

		<Replace Tag="TXT_KEY_OPSCREEN_SPLAYER_QUICK_MOVEMENT">
			<Text>Быстрое передвижение (Одиночная игра)</Text>
		</Replace>
		<Replace Tag="TXT_KEY_OPSCREEN_SPLAYER_QUICK_MOVEMENT_TT">
			<Text>Отключает анимации перемещения юнитов.</Text>
		</Replace>

		<Replace Tag="TXT_KEY_OPSCREEN_MULTIPLAYER_QUICK_COMBAT">
			<Text>Быстрый бой (Мультиплеер)</Text>
		</Replace>
		<Replace Tag="TXT_KEY_OPSCREEN_MULTIPLAYER_QUICK_MOVEMENT">
			<Text>Быстрое передвижение (Мультиплеер)</Text>
		</Replace>

		<Replace Tag="TXT_KEY_OPSCREEN_QUICK_SELECTION_ADVANCE">
			<Text>Быстрый выбор следующего юнита</Text>
		</Replace>
		
		<Replace Tag="TXT_KEY_AUTO_UNIT_CYCLE">
			<Text>Авто-выбор юнитов</Text>
		</Replace>
		<Replace Tag="TXT_KEY_AUTO_UNIT_CYCLE_TT">
			<Text>Камера автоматически переключается на следующий свободный юнит.</Text>
		</Replace>

		<Replace Tag="TXT_KEY_OPSCREEN_AUTO_WORKERS_DONT_REPLACE">
			<Text>Авто-рабочие: не заменять улучшения</Text>
		</Replace>
		<Replace Tag="TXT_KEY_OPSCREEN_AUTO_WORKERS_DONT_REMOVE_FEATURES">
			<Text>Авто-рабочие: не удалять ландшафт (леса/джунгли)</Text>
		</Replace>

		<Replace Tag="TXT_KEY_OPSCREEN_TURNS_FOR_AUTOSAVES">
			<Text>Интервал автосохранения (ходов)</Text>
		</Replace>
		<Replace Tag="TXT_KEY_OPSCREEN_MAX_AUTOSAVES_KEPT">
			<Text>Хранить автосохранений (шт)</Text>
		</Replace>

		<Replace Tag="TXT_KEY_OPSCREEN_RESET_TUTORIAL">
			<Text>Сбросить обучение</Text>
		</Replace>
		<Replace Tag="TXT_KEY_OPSCREEN_TUTORIAL_LEVEL">
			<Text>Уровень подсказок</Text>
		</Replace>
		
		<Replace Tag="TXT_KEY_OPSCREEN_SELECT_SPOKEN_LANG">
			<Text>Язык озвучки</Text>
		</Replace>
		<Replace Tag="TXT_KEY_OPSCREEN_SELECT_LANG">
			<Text>Язык текста</Text>
		</Replace>

		<Replace Tag="TXT_KEY_OPSCREEN_DYNAMIC_CAMERA_ZOOM">
			<Text>Динамический зум камеры</Text>
		</Replace>
		<Replace Tag="TXT_KEY_OPSCREEN_ENABLE_MAP_INERTIA">
			<Text>Инерция карты</Text>
		</Replace>
		<Replace Tag="TXT_KEY_OPSCREEN_SKIP_INTRO_VIDEO">
			<Text>Пропускать вступительное видео</Text>
		</Replace>
		
		<Replace Tag="TXT_KEY_BIND_MOUSE">
			<Text>Привязка мыши к окну</Text>
		</Replace>
		
		<Replace Tag="TXT_KEY_OPSCREEN_NO_BASIC_HELP">
			<Text>Скрыть базовые подсказки</Text>
		</Replace>
		<Replace Tag="TXT_KEY_OPSCREEN_NO_BASIC_HELP_TT">
			<Text>Отключает очевидные советы для новичков.</Text>
		</Replace>
		
		<Replace Tag="TXT_KEY_OPSCREEN_NO_REWARD_POPUPS">
			<Text>Без всплывающих окон наград</Text>
		</Replace>
		<Replace Tag="TXT_KEY_OPSCREEN_NO_REWARD_POPUPS_TT">
			<Text>Награды (например, руины) показываются только текстом, без окна.</Text>
		</Replace>
		
		<Replace Tag="TXT_KEY_CSL_ENABLE">
			<Text>Лидеры ГГ (CSL)</Text>
		</Replace>
		<Replace Tag="TXT_KEY_CSL_ENABLE_TT">
			<Text>Включает портреты для Городов-государств (требует перезагрузки).</Text>
		</Replace>
		
		<Replace Tag="TXT_KEY_OPSCREEN_NO_TILE_RECOMMENDATIONS">
			<Text>Скрыть рекомендации клеток</Text>
		</Replace>
		<Replace Tag="TXT_KEY_OPSCREEN_NO_TILE_RECOMMENDATIONS_TT">
			<Text>Скрывает кружки-подсказки, куда поставить рабочего или город.</Text>
		</Replace>
		
		<Replace Tag="TXT_KEY_OPSCREEN_CIVILIAN_YIELDS">
			<Text>Доходность под жителями</Text>
		</Replace>
		<Replace Tag="TXT_KEY_OPSCREEN_CIVILIAN_YIELDS_TT">
			<Text>Показывать иконки ресурсов даже если на клетке стоит гражданский юнит.</Text>
		</Replace>

		<Replace Tag="TXT_KEY_OPSCREEN_SCORE_LIST">
			<Text>Список очков (Одиночная)</Text>
		</Replace>
		<Replace Tag="TXT_KEY_OPSCREEN_MP_SCORE_LIST">
			<Text>Список очков (Мультиплеер)</Text>
		</Replace>

		<Replace Tag="TXT_KEY_OPSCREEN_SHOW_ALL_POLICY_INFO">
			<Text>Детали институтов</Text>
		</Replace>
		<Replace Tag="TXT_KEY_OPSCREEN_SHOW_ALL_POLICY_INFO_TT">
			<Text>Показывать полный список бонусов в дереве институтов.</Text>
		</Replace>

		<Replace Tag="TXT_KEY_OPSCREEN_RESOLUTION">
			<Text>Разрешение экрана</Text>
		</Replace>
		<Replace Tag="TXT_KEY_OPSCREEN_MSAA">
			<Text>Сглаживание (MSAA)</Text>
		</Replace>
		<Replace Tag="TXT_KEY_OPSCREEN_FULLSCREEN">
			<Text>Полноэкранный режим</Text>
		</Replace>
		<Replace Tag="TXT_KEY_OPSCREEN_APPLY_RESOLUTION">
			<Text>Применить разрешение</Text>
		</Replace>
		<Replace Tag="TXT_KEY_OPSCREEN_APPLY_RESOLUTION_TT">
			<Text>Применить выбранные настройки разрешения.</Text>
		</Replace>
		
		<Replace Tag="TXT_KEY_OPSCREEN_VSYNC">
			<Text>Вертикальная синхронизация</Text>
		</Replace>
		<Replace Tag="TXT_KEY_OPSCREEN_HIGH_DETAIL_STRAT_VIEW">
			<Text>Высокая детализация страт. вида</Text>
		</Replace>
		<Replace Tag="TXT_KEY_OPSCREEN_GPU_TEXTURE_DECODE">
			<Text>Декодирование текстур на GPU</Text>
		</Replace>
		<Replace Tag="TXT_KEY_OPSCREEN_MINIMIZE_GRAY_TILES">
			<Text>Минимизация серых клеток</Text>
		</Replace>
		
		<Replace Tag="TXT_KEY_OPSCREEN_LEADER_QUALITY">
			<Text>Качество сцен лидеров</Text>
		</Replace>
		<Replace Tag="TXT_KEY_OPSCREEN_OVERLAY_DETAIL">
			<Text>Детализация наложений</Text>
		</Replace>
		<Replace Tag="TXT_KEY_OPSCREEN_SHADOW_QUALITY">
			<Text>Качество теней</Text>
		</Replace>
		<Replace Tag="TXT_KEY_OPSCREEN_FOW_QUALITY">
			<Text>Качество Тумана войны</Text>
		</Replace>
		<Replace Tag="TXT_KEY_OPSCREEN_TERRAIN_DETAIL_LEVEL">
			<Text>Детализация ландшафта</Text>
		</Replace>
		<Replace Tag="TXT_KEY_OPSCREEN_TERRAIN_TESS_LEVEL">
			<Text>Тесселяция ландшафта</Text>
		</Replace>
		<Replace Tag="TXT_KEY_OPSCREEN_TERRAIN_SHADOW_QUALITY">
			<Text>Тени от ландшафта</Text>
		</Replace>
		<Replace Tag="TXT_KEY_OPSCREEN_WATER_QUALITY">
			<Text>Качество воды</Text>
		</Replace>
		<Replace Tag="TXT_KEY_OPSCREEN_TEXTURE_QUALITY">
			<Text>Качество текстур</Text>
		</Replace>
		
		<Replace Tag="TXT_KEY_OPSCREEN_AUTOSIZE_UI">
			<Text>Авто-масштаб интерфейса</Text>
		</Replace>
		<Replace Tag="TXT_KEY_OPSCREEN_USE_SMALL_UI">
			<Text>Использовать мелкий интерфейс</Text>
		</Replace>
		
		<!-- tech tree -->
		<Replace Tag="TXT_KEY_EUI_TECH_NO_PREREQ">
			<Text>Нет требований</Text>
		</Replace>
		<Replace Tag="TXT_KEY_EUI_TECH_REVEALS">
			<Text>Открывает карту:</Text>
		</Replace>
		<Replace Tag="TXT_KEY_EUI_TECH_ALLOWS_EMBASSY">
			<Text>Позволяет посольства</Text>
		</Replace>
		<Replace Tag="TXT_KEY_EUI_TECH_ALLOWS_OPEN_BORDERS">
			<Text>Позволяет открытие границ</Text>
		</Replace>
		<Replace Tag="TXT_KEY_EUI_TECH_ALLOWS_DEFENSIVE_PACT">
			<Text>Позволяет оборонительный союз</Text>
		</Replace>
		<Replace Tag="TXT_KEY_EUI_TECH_ALLOWS_RESEARCH_AGREEMENT">
			<Text>Позволяет научный договор</Text>
		</Replace>
		<Replace Tag="TXT_KEY_EUI_TECH_ALLOWS_WATER_ROUTES">
			<Text>Позволяет водные торговые пути</Text>
		</Replace>
		<Replace Tag="TXT_KEY_EUI_TECH_ALLOWS_BRIDGE">
			<Text>Позволяет строить мосты через реки</Text>
		</Replace>
		<Replace Tag="TXT_KEY_EUI_TECH_AUTOMAP">
			<Text>Раскрывает карту местности</Text>
		</Replace>
		
		<!-- UnitPanel -->
		<Replace Tag="TXT_KEY_EUI_UNIT_TYPES_TT">
			<Text>Показать/скрыть список типов юнитов (справа внизу)</Text>
		</Replace>

		<Replace Tag="TXT_KEY_EDIT_BUTTON">
			<Text>Имя</Text> </Replace>
		
		<Replace Tag="TXT_KEY_WORKERACTION_TEXT">
			<Text>Приказы</Text>
		</Replace>
		
		<Replace Tag="TXT_KEY_UPANEL_REPAIR_TILE">
			<Text>Ремонт</Text>
		</Replace>
		
		<!-- CityView -->
		<Replace Tag="TXT_KEY_CITYVIEW_BUILDING_LIST">
			<Text>Постройки в городе</Text>
		</Replace>
		<Replace Tag="TXT_KEY_CITYVIEW_CITIZEN_ALLOCATION">
			<Text>Распределение горожан</Text>
		</Replace>
		<Replace Tag="TXT_KEY_CITYVIEW_GREAT_PEOPLE_TEXT">
			<Text>Великие люди</Text>
		</Replace>
		<Replace Tag="TXT_KEY_CITYVIEW_UNEMPLOYED_TEXT">
			<Text>Безработные граждане</Text>
		</Replace>
		<Replace Tag="TXT_KEY_CITYVIEW_SPECIAL_TEXT">
			<Text>Специальные здания</Text>
		</Replace>
		<Replace Tag="TXT_KEY_CITYVIEW_GREAT_WORK_BUILDINGS_TEXT">
			<Text>Здания с шедеврами</Text>
		</Replace>
		<Replace Tag="TXT_KEY_CITYVIEW_WONDERS_TEXT">
			<Text>Чудеса света</Text>
		</Replace>
		<Replace Tag="TXT_KEY_CITYVIEW_REGULARBUILDING_TEXT">
			<Text>Обычные здания</Text>
		</Replace>

		<Replace Tag="TXT_KEY_CITYVIEW_MANUAL_SPEC_CONTROL">
			<Text>Ручной контроль специалистов</Text>
		</Replace>
		<Replace Tag="TXT_KEY_CITYVIEW_SPECIALISTCONTROL_TT">
			<Text>Если отмечено, ИИ не будет автоматически назначать или снимать специалистов в этом здании.</Text>
		</Replace>
		<Replace Tag="TXT_KEY_CITYVIEW_UNEMPLOYED_TOOLTIP">
			<Text>Нажмите, чтобы добавить или убрать безработного жителя (дает +1 производство).</Text>
		</Replace>
		<Replace Tag="TXT_KEY_CITYVIEW_EMPTY_SLOT">
			<Text>Пустой слот специалиста</Text>
		</Replace>

		<Replace Tag="TXT_KEY_CITYVIEW_FOCUS_BUTTON_TT">
			<Text>Выберите приоритет развития города (Пища, Производство, Золото и т.д.).</Text>
		</Replace>
		<Replace Tag="TXT_KEY_CITYVIEW_FOCUS_AVOID_GROWTH_TEXT">
			<Text>Избегать роста</Text>
		</Replace>
		<Replace Tag="TXT_KEY_CITYVIEW_FOCUS_AVOID_GROWTH_TT">
			<Text>Запретить городу расти, даже если есть избыток пищи (полезно для контроля счастья).</Text>
		</Replace>
		<Replace Tag="TXT_KEY_CITYVIEW_FOCUS_RESET_TEXT">
			<Text>Сбросить клетки</Text>
		</Replace>
		<Replace Tag="TXT_KEY_CITYVIEW_FOCUS_BALANCED">
			<Text>Сбалансированный</Text>
		</Replace>
		<Replace Tag="TXT_KEY_CITYVIEW_FOCUS_FOOD">
			<Text>Фокус: Пища</Text>
		</Replace>
		<Replace Tag="TXT_KEY_CITYVIEW_FOCUS_PROD">
			<Text>Фокус: Производство</Text>
		</Replace>
		<Replace Tag="TXT_KEY_CITYVIEW_FOCUS_GOLD">
			<Text>Фокус: Золото</Text>
		</Replace>
		<Replace Tag="TXT_KEY_CITYVIEW_FOCUS_RESEARCH">
			<Text>Фокус: Наука</Text>
		</Replace>
		<Replace Tag="TXT_KEY_CITYVIEW_FOCUS_CULTURE">
			<Text>Фокус: Культура</Text>
		</Replace>
		<Replace Tag="TXT_KEY_CITYVIEW_FOCUS_FAITH">
			<Text>Фокус: Вера</Text>
		</Replace>
		<Replace Tag="TXT_KEY_CITYVIEW_FOCUS_GREAT_PERSON">
			<Text>Фокус: Великие люди</Text>
		</Replace>

		<Replace Tag="TXT_KEY_CITYVIEW_FOOD_TEXT">
			<Text>Пища</Text>
		</Replace>
		<Replace Tag="TXT_KEY_CITYVIEW_PROD_TEXT">
			<Text>Произв.</Text>
		</Replace>
		<Replace Tag="TXT_KEY_CITYVIEW_GOLD_TEXT">
			<Text>Золото</Text>
		</Replace>
		<Replace Tag="TXT_KEY_CITYVIEW_RESEARCH_TEXT">
			<Text>Наука</Text>
		</Replace>
		<Replace Tag="TXT_KEY_CITYVIEW_CULTURE_TEXT">
			<Text>Культ.</Text>
		</Replace>
		<Replace Tag="TXT_KEY_CITYVIEW_FAITH_TEXT">
			<Text>Вера</Text>
		</Replace>
		<Replace Tag="TXT_KEY_CITYVIEW_TOURISM_TEXT">
			<Text>Туризм</Text>
		</Replace>
		<Replace Tag="TXT_KEY_CITYVIEW_PERTURN_TEXT">
			<Text>+{1_Num} в ход</Text>
		</Replace>
		<Replace Tag="TXT_KEY_CITYVIEW_PERTURN_TEXT_NEGATIVE">
			<Text>{1_Num} в ход</Text>
		</Replace>
		<Replace Tag="TXT_KEY_CITYVIEW_OFF">
			<Text>ОТКЛ</Text>
		</Replace>

		<Replace Tag="TXT_KEY_CITYVIEW_QUEUE_O">
			<Text>Очередь производства</Text>
		</Replace>
		<Replace Tag="TXT_KEY_CITYVIEW_QUEUE_O_TT">
			<Text>Здесь отображаются текущие проекты. Вы можете менять их порядок перетаскиванием.</Text>
		</Replace>
		<Replace Tag="TXT_KEY_CITYVIEW_Q_X_TEXT">
			<Text>Отменить производство</Text>
		</Replace>

		<Replace Tag="TXT_KEY_CITYVIEW_BUY_TILE">
			<Text>Купить клетку</Text>
		</Replace>
		<Replace Tag="TXT_KEY_CITYVIEW_BUY_TILE_TT">
			<Text>Нажмите, чтобы войти в режим покупки соседних клеток за золото.</Text>
		</Replace>
		<Replace Tag="TXT_KEY_CITYVIEW_CLAIM_NEW_LAND">
			<Text>Купить эту землю за {1_Num} золота</Text>
		</Replace>
		<Replace Tag="TXT_KEY_CITYVIEW_NEED_MONEY_BUY_TILE">
			<Text>Недостатчно золота: нужно еще {1_Num}</Text>
		</Replace>
		<Replace Tag="TXT_KEY_CITYVIEW_RETURN_TT">
			<Text>Вернуться к карте мира (Esc).</Text>
		</Replace>

		<Replace Tag="TXT_KEY_CITYVIEW_CITY_CENTER">
			<Text>Центр города (обрабатывается бесплатно)</Text>
		</Replace>
		<Replace Tag="TXT_KEY_CITYVIEW_FORCED_WORK_TILE">
			<Text>ЗАБЛОКИРОВАНО: Житель принудительно назначен сюда.</Text>
		</Replace>
		<Replace Tag="TXT_KEY_CITYVIEW_GUVNA_WORK_TILE">
			<Text>Губернатор назначил сюда жителя.</Text>
		</Replace>
		<Replace Tag="TXT_KEY_CITYVIEW_NUTHA_CITY_TILE">
			<Text>Эта клетка обрабатывается другим городом.</Text>
		</Replace>
		<Replace Tag="TXT_KEY_CITYVIEW_UNWORKED_CITY_TILE">
			<Text>Клетка не обрабатывается. Нажмите, чтобы назначить жителя.</Text>
		</Replace>
		<Replace Tag="TXT_KEY_CITYVIEW_ENEMY_UNIT_CITY_TILE">
			<Text>Враг блокирует работу на этой клетке!</Text>
		</Replace>
		<Replace Tag="TXT_KEY_CITYVIEW_BLOCKADED_CITY_TILE">
			<Text>Клетка в блокаде вражеским флотом!</Text>
		</Replace>

		<Replace Tag="TXT_KEY_CITYVIEW_GP_PROGRGRESS">
			<Text>Прогресс: Великие Люди</Text>
		</Replace>
		<Replace Tag="TXT_KEY_CITYVIEW_WLTKD_COUNTER">
			<Text>День любви к отчизне! ({1_Num} ход.)</Text>
		</Replace>
		<Replace Tag="TXT_KEY_CITYVIEW_RESOURCE_DEMANDED">
			<Text>Город требует: {1_ResName}</Text>
		</Replace>
		<Replace Tag="TXT_KEY_CITYVIEW_RESOURCE_DEMANDED_TT">
			<Text>Если вы добудете этот ресурс, в городе начнется праздник "День любви к отчизне", что ускорит рост населения.</Text>
		</Replace>
		<Replace Tag="TXT_KEY_CITYVIEW_RESOURCE_FULFILLED_TT">
			<Text>Требование выполнено! Город растет быстрее.</Text>
		</Replace>
		<Replace Tag="TXT_KEY_CLICK_TO_SELL">
			<Text>Нажмите, чтобы продать здание</Text>
		</Replace>
		<Replace Tag="TXT_KEY_SELL_BUILDING_INFO">
			<Text>Вы уверены, что хотите продать это здание?\nВы получите: {1_Num} золота\nВы сэкономите: {2_Num} золота/ход</Text>
		</Replace>
		
		<Replace Tag="TXT_KEY_CITYVIEW_RAZE_BUTTON_TEXT">
			<Text>Разрушить город</Text>
		</Replace>
		<Replace Tag="TXT_KEY_CITYVIEW_RAZE_BUTTON_TT">
			<Text>Сжечь город дотла. Это действие необратимо уничтожит город со временем.</Text>
		</Replace>
		<Replace Tag="TXT_KEY_CITYVIEW_UNRAZE_BUTTON_TEXT">
			<Text>Остановить разрушение</Text>
		</Replace>
		<Replace Tag="TXT_KEY_CITYVIEW_UNRAZE_BUTTON_TT">
			<Text>Прекратить сжигание города.</Text>
		</Replace>
		<Replace Tag="TXT_KEY_CITYVIEW_RAZE_BUTTON_DISABLED_BECAUSE_CAPITAL_TT">
			<Text>Нельзя разрушить столицу (свою или чужую).</Text>
		</Replace>
		
		<!-- TopPanel -->
		<Replace Tag="TXT_KEY_TP_TURN_COUNTER">
			<Text>Ход: {1}</Text>
		</Replace>

		<Replace Tag="TXT_KEY_TOP_PANEL_SCIENCE_OFF">
			<Text>Наука: ВЫКЛ</Text>
		</Replace>

		<Replace Tag="TXT_KEY_TOP_PANEL_POLICIES_OFF">
			<Text>Культура: ВЫКЛ</Text>
		</Replace>

		<Replace Tag="TXT_KEY_TOP_PANEL_HAPPINESS_OFF">
			<Text>Счастье: ВЫКЛ</Text>
		</Replace>

		<Replace Tag="TXT_KEY_CITYVIEW_RETURN_TT">
			<Text>Вернуться к карте (Выход из города)</Text>
		</Replace>

		<Replace Tag="TXT_KEY_TP_EMPIRE_UNHAPPY">
			<Text>Империя несчастна! Рост городов сильно замедлен.</Text>
		</Replace>
		<Replace Tag="TXT_KEY_TP_EMPIRE_VERY_UNHAPPY">
			<Text>В стране бунт! Рост остановлен, боевая мощь снижена, могут появиться повстанцы.</Text>
		</Replace>
		
		
	</Language_ru_RU>
</GameData>
